Year,Period,Label,Value,12-Month % Change,Month
1957,M01,1957 Jan,21.3,,1/31/1957
1957,M02,1957 Feb,21.5,,2/28/1957
1957,M03,1957 Mar,21.6,,3/31/1957
1957,M04,1957 Apr,21.5,,4/30/1957
1957,M05,1957 May,21.4,,5/31/1957
1957,M06,1957 Jun,21.4,,6/30/1957
1957,M07,1957 Jul,21.5,,7/31/1957
1957,M08,1957 Aug,21.4,,8/31/1957
1957,M09,1957 Sep,21.5,,9/30/1957
1957,M10,1957 Oct,21.4,,10/31/1957
1957,M11,1957 Nov,21.6,,11/30/1957
1957,M12,1957 Dec,21.6,,12/31/1957
1958,M01,1958 Jan,21.7,1.9,1/31/1958
1958,M02,1958 Feb,21.4,-0.5,2/28/1958
1958,M03,1958 Mar,21.5,-0.5,3/31/1958
1958,M04,1958 Apr,21.3,-0.9,4/30/1958
1958,M05,1958 May,21.4,0,5/31/1958
1958,M06,1958 Jun,21.4,0,6/30/1958
1958,M07,1958 Jul,21.6,0.5,7/31/1958
1958,M08,1958 Aug,21.8,1.9,8/31/1958
1958,M09,1958 Sep,21.7,0.9,9/30/1958
1958,M10,1958 Oct,21.7,1.4,10/31/1958
1958,M11,1958 Nov,21.5,-0.5,11/30/1958
1958,M12,1958 Dec,21.4,-0.9,12/31/1958
1959,M01,1959 Jan,21.5,-0.9,1/31/1959
1959,M02,1959 Feb,21.7,1.4,2/28/1959
1959,M03,1959 Mar,21.8,1.4,3/31/1959
1959,M04,1959 Apr,21.8,2.3,4/30/1959
1959,M05,1959 May,21.7,1.4,5/31/1959
1959,M06,1959 Jun,21.7,1.4,6/30/1959
1959,M07,1959 Jul,21.7,0.5,7/31/1959
1959,M08,1959 Aug,21.9,0.5,8/31/1959
1959,M09,1959 Sep,22,1.4,9/30/1959
1959,M10,1959 Oct,22.3,2.8,10/31/1959
1959,M11,1959 Nov,22.3,3.7,11/30/1959
1959,M12,1959 Dec,22.4,4.7,12/31/1959
1960,M01,1960 Jan,22.4,4.2,1/31/1960
1960,M02,1960 Feb,22.3,2.8,2/29/1960
1960,M03,1960 Mar,22.3,2.3,3/31/1960
1960,M04,1960 Apr,22.3,2.3,4/30/1960
1960,M05,1960 May,22.1,1.8,5/31/1960
1960,M06,1960 Jun,22.3,2.8,6/30/1960
1960,M07,1960 Jul,22.4,3.2,7/31/1960
1960,M08,1960 Aug,22.6,3.2,8/31/1960
1960,M09,1960 Sep,22.6,2.7,9/30/1960
1960,M10,1960 Oct,22.5,0.9,10/31/1960
1960,M11,1960 Nov,22.7,1.8,11/30/1960
1960,M12,1960 Dec,22.7,1.3,12/31/1960
1961,M01,1961 Jan,22.8,1.8,1/31/1961
1961,M02,1961 Feb,22.7,1.8,2/28/1961
1961,M03,1961 Mar,22.7,1.8,3/31/1961
1961,M04,1961 Apr,22.2,-0.4,4/30/1961
1961,M05,1961 May,22.2,0.5,5/31/1961
1961,M06,1961 Jun,22.3,0,6/30/1961
1961,M07,1961 Jul,22.4,0,7/31/1961
1961,M08,1961 Aug,22.5,-0.4,8/31/1961
1961,M09,1961 Sep,22.6,0,9/30/1961
1961,M10,1961 Oct,22.5,0,10/31/1961
1961,M11,1961 Nov,22.6,-0.4,11/30/1961
1961,M12,1961 Dec,22.4,-1.3,12/31/1961
1962,M01,1962 Jan,22.5,-1.3,1/31/1962
1962,M02,1962 Feb,22.6,-0.4,2/28/1962
1962,M03,1962 Mar,22.5,-0.9,3/31/1962
1962,M04,1962 Apr,22.7,2.3,4/30/1962
1962,M05,1962 May,22.5,1.4,5/31/1962
1962,M06,1962 Jun,22.4,0.4,6/30/1962
1962,M07,1962 Jul,22.2,-0.9,7/31/1962
1962,M08,1962 Aug,22.4,-0.4,8/31/1962
1962,M09,1962 Sep,22.8,0.9,9/30/1962
1962,M10,1962 Oct,22.8,1.3,10/31/1962
1962,M11,1962 Nov,22.7,0.4,11/30/1962
1962,M12,1962 Dec,22.9,2.2,12/31/1962
1963,M01,1963 Jan,22.9,1.8,1/31/1963
1963,M02,1963 Feb,22.7,0.4,2/28/1963
1963,M03,1963 Mar,22.7,0.9,3/31/1963
1963,M04,1963 Apr,22.5,-0.9,4/30/1963
1963,M05,1963 May,22.5,0,5/31/1963
1963,M06,1963 Jun,22.4,0,6/30/1963
1963,M07,1963 Jul,22.6,1.8,7/31/1963
1963,M08,1963 Aug,22.6,0.9,8/31/1963
1963,M09,1963 Sep,22.6,-0.9,9/30/1963
1963,M10,1963 Oct,22.7,-0.4,10/31/1963
1963,M11,1963 Nov,22.6,-0.4,11/30/1963
1963,M12,1963 Dec,22.7,-0.9,12/31/1963
1964,M01,1964 Jan,22.9,0,1/31/1964
1964,M02,1964 Feb,22.2,-2.2,2/29/1964
1964,M03,1964 Mar,22.6,-0.4,3/31/1964
1964,M04,1964 Apr,22.5,0,4/30/1964
1964,M05,1964 May,22.4,-0.4,5/31/1964
1964,M06,1964 Jun,22.5,0.4,6/30/1964
1964,M07,1964 Jul,22.5,-0.4,7/31/1964
1964,M08,1964 Aug,22.6,0,8/31/1964
1964,M09,1964 Sep,22.5,-0.4,9/30/1964
1964,M10,1964 Oct,22.5,-0.9,10/31/1964
1964,M11,1964 Nov,22.5,-0.4,11/30/1964
1964,M12,1964 Dec,22.7,0,12/31/1964
1965,M01,1965 Jan,22.8,-0.4,1/31/1965
1965,M02,1965 Feb,22.7,2.3,2/28/1965
1965,M03,1965 Mar,22.7,0.4,3/31/1965
1965,M04,1965 Apr,22.9,1.8,4/30/1965
1965,M05,1965 May,23,2.7,5/31/1965
1965,M06,1965 Jun,23,2.2,6/30/1965
1965,M07,1965 Jul,23,2.2,7/31/1965
1965,M08,1965 Aug,23,1.8,8/31/1965
1965,M09,1965 Sep,23.1,2.7,9/30/1965
1965,M10,1965 Oct,23,2.2,10/31/1965
1965,M11,1965 Nov,23.1,2.7,11/30/1965
1965,M12,1965 Dec,23.1,1.8,12/31/1965
1966,M01,1966 Jan,23.1,1.3,1/31/1966
1966,M02,1966 Feb,23.2,2.2,2/28/1966
1966,M03,1966 Mar,23.2,2.2,3/31/1966
1966,M04,1966 Apr,23.1,0.9,4/30/1966
1966,M05,1966 May,23.2,0.9,5/31/1966
1966,M06,1966 Jun,23.3,1.3,6/30/1966
1966,M07,1966 Jul,23.4,1.7,7/31/1966
1966,M08,1966 Aug,23.3,1.3,8/31/1966
1966,M09,1966 Sep,23.4,1.3,9/30/1966
1966,M10,1966 Oct,23.4,1.7,10/31/1966
1966,M11,1966 Nov,23.5,1.7,11/30/1966
1966,M12,1966 Dec,23.5,1.7,12/31/1966
1967,M01,1967 Jan,23.6,2.2,1/31/1967
1967,M02,1967 Feb,23.7,2.2,2/28/1967
1967,M03,1967 Mar,23.7,2.2,3/31/1967
1967,M04,1967 Apr,23.9,3.5,4/30/1967
1967,M05,1967 May,23.9,3,5/31/1967
1967,M06,1967 Jun,23.8,2.1,6/30/1967
1967,M07,1967 Jul,23.8,1.7,7/31/1967
1967,M08,1967 Aug,23.9,2.6,8/31/1967
1967,M09,1967 Sep,24,2.6,9/30/1967
1967,M10,1967 Oct,23.9,2.1,10/31/1967
1967,M11,1967 Nov,24,2.1,11/30/1967
1967,M12,1967 Dec,23.9,1.7,12/31/1967
1968,M01,1968 Jan,24,1.7,1/31/1968
1968,M02,1968 Feb,24.1,1.7,2/29/1968
1968,M03,1968 Mar,24.1,1.7,3/31/1968
1968,M04,1968 Apr,24,0.4,4/30/1968
1968,M05,1968 May,24.1,0.8,5/31/1968
1968,M06,1968 Jun,24.2,1.7,6/30/1968
1968,M07,1968 Jul,24.2,1.7,7/31/1968
1968,M08,1968 Aug,24.3,1.7,8/31/1968
1968,M09,1968 Sep,24.3,1.3,9/30/1968
1968,M10,1968 Oct,24.3,1.7,10/31/1968
1968,M11,1968 Nov,24.4,1.7,11/30/1968
1968,M12,1968 Dec,24.3,1.7,12/31/1968
1969,M01,1969 Jan,24.4,1.7,1/31/1969
1969,M02,1969 Feb,24.4,1.2,2/28/1969
1969,M03,1969 Mar,24.7,2.5,3/31/1969
1969,M04,1969 Apr,24.9,3.8,4/30/1969
1969,M05,1969 May,24.8,2.9,5/31/1969
1969,M06,1969 Jun,25,3.3,6/30/1969
1969,M07,1969 Jul,24.9,2.9,7/31/1969
1969,M08,1969 Aug,24.9,2.5,8/31/1969
1969,M09,1969 Sep,24.9,2.5,9/30/1969
1969,M10,1969 Oct,25,2.9,10/31/1969
1969,M11,1969 Nov,24.9,2,11/30/1969
1969,M12,1969 Dec,25,2.9,12/31/1969
1970,M01,1970 Jan,25.1,2.9,1/31/1970
1970,M02,1970 Feb,25.1,2.9,2/28/1970
1970,M03,1970 Mar,25,1.2,3/31/1970
1970,M04,1970 Apr,25.5,2.4,4/30/1970
1970,M05,1970 May,25.5,2.8,5/31/1970
1970,M06,1970 Jun,25.3,1.2,6/30/1970
1970,M07,1970 Jul,25.5,2.4,7/31/1970
1970,M08,1970 Aug,25.4,2,8/31/1970
1970,M09,1970 Sep,25.6,2.8,9/30/1970
1970,M10,1970 Oct,25.9,3.6,10/31/1970
1970,M11,1970 Nov,25.9,4,11/30/1970
1970,M12,1970 Dec,26.2,4.8,12/31/1970
1971,M01,1971 Jan,26.3,4.8,1/31/1971
1971,M02,1971 Feb,26.3,4.8,2/28/1971
1971,M03,1971 Mar,26.3,5.2,3/31/1971
1971,M04,1971 Apr,26.1,2.4,4/30/1971
1971,M05,1971 May,26.2,2.7,5/31/1971
1971,M06,1971 Jun,26.3,4,6/30/1971
1971,M07,1971 Jul,26.3,3.1,7/31/1971
1971,M08,1971 Aug,26.8,5.5,8/31/1971
1971,M09,1971 Sep,26.9,5.1,9/30/1971
1971,M10,1971 Oct,26.9,3.9,10/31/1971
1971,M11,1971 Nov,26.7,3.1,11/30/1971
1971,M12,1971 Dec,27,3.1,12/31/1971
1972,M01,1972 Jan,27,2.7,1/31/1972
1972,M02,1972 Feb,26.9,2.3,2/29/1972
1972,M03,1972 Mar,27,2.7,3/31/1972
1972,M04,1972 Apr,26.9,3.1,4/30/1972
1972,M05,1972 May,27.1,3.4,5/31/1972
1972,M06,1972 Jun,27,2.7,6/30/1972
1972,M07,1972 Jul,27.1,3,7/31/1972
1972,M08,1972 Aug,27.3,1.9,8/31/1972
1972,M09,1972 Sep,27.6,2.6,9/30/1972
1972,M10,1972 Oct,27.6,2.6,10/31/1972
1972,M11,1972 Nov,27.7,3.7,11/30/1972
1972,M12,1972 Dec,27.7,2.6,12/31/1972
1973,M01,1973 Jan,28,3.7,1/31/1973
1973,M02,1973 Feb,28.3,5.2,2/28/1973
1973,M03,1973 Mar,28.4,5.2,3/31/1973
1973,M04,1973 Apr,28.7,6.7,4/30/1973
1973,M05,1973 May,28.9,6.6,5/31/1973
1973,M06,1973 Jun,29.3,8.5,6/30/1973
1973,M07,1973 Jul,29.3,8.1,7/31/1973
1973,M08,1973 Aug,29.4,7.7,8/31/1973
1973,M09,1973 Sep,29.4,6.5,9/30/1973
1973,M10,1973 Oct,30.1,9.1,10/31/1973
1973,M11,1973 Nov,31.2,12.6,11/30/1973
1973,M12,1973 Dec,32.4,17,12/31/1973
1974,M01,1974 Jan,34.2,22.1,1/31/1974
1974,M02,1974 Feb,35.5,25.4,2/28/1974
1974,M03,1974 Mar,37,30.3,3/31/1974
1974,M04,1974 Apr,37.7,31.4,4/30/1974
1974,M05,1974 May,38.4,32.9,5/31/1974
1974,M06,1974 Jun,38.7,32.1,6/30/1974
1974,M07,1974 Jul,39.1,33.4,7/31/1974
1974,M08,1974 Aug,39.2,33.3,8/31/1974
1974,M09,1974 Sep,39.3,33.7,9/30/1974
1974,M10,1974 Oct,39,29.6,10/31/1974
1974,M11,1974 Nov,39.1,25.3,11/30/1974
1974,M12,1974 Dec,39.4,21.6,12/31/1974
1975,M01,1975 Jan,39.8,16.4,1/31/1975
1975,M02,1975 Feb,40.2,13.2,2/28/1975
1975,M03,1975 Mar,40.3,8.9,3/31/1975
1975,M04,1975 Apr,40.7,8,4/30/1975
1975,M05,1975 May,41.2,7.3,5/31/1975
1975,M06,1975 Jun,41.9,8.3,6/30/1975
1975,M07,1975 Jul,42.9,9.7,7/31/1975
1975,M08,1975 Aug,43.2,10.2,8/31/1975
1975,M09,1975 Sep,43.6,10.9,9/30/1975
1975,M10,1975 Oct,43.6,11.8,10/31/1975
1975,M11,1975 Nov,43.8,12,11/30/1975
1975,M12,1975 Dec,43.9,11.4,12/31/1975
1976,M01,1976 Jan,44,10.6,1/31/1976
1976,M02,1976 Feb,44,9.5,2/29/1976
1976,M03,1976 Mar,43.8,8.7,3/31/1976
1976,M04,1976 Apr,43.8,7.6,4/30/1976
1976,M05,1976 May,44.3,7.5,5/31/1976
1976,M06,1976 Jun,45,7.4,6/30/1976
1976,M07,1976 Jul,45.4,5.8,7/31/1976
1976,M08,1976 Aug,45.6,5.6,8/31/1976
1976,M09,1976 Sep,45.9,5.3,9/30/1976
1976,M10,1976 Oct,46.1,5.7,10/31/1976
1976,M11,1976 Nov,46.4,5.9,11/30/1976
1976,M12,1976 Dec,47,7.1,12/31/1976
1977,M01,1977 Jan,47.4,7.7,1/31/1977
1977,M02,1977 Feb,48,9.1,2/28/1977
1977,M03,1977 Mar,48.5,10.7,3/31/1977
1977,M04,1977 Apr,48.9,11.6,4/30/1977
1977,M05,1977 May,49.2,11.1,5/31/1977
1977,M06,1977 Jun,49.6,10.2,6/30/1977
1977,M07,1977 Jul,49.9,9.9,7/31/1977
1977,M08,1977 Aug,50.1,9.9,8/31/1977
1977,M09,1977 Sep,50.1,9.2,9/30/1977
1977,M10,1977 Oct,50.3,9.1,10/31/1977
1977,M11,1977 Nov,50.3,8.4,11/30/1977
1977,M12,1977 Dec,50.4,7.2,12/31/1977
1978,M01,1978 Jan,50.5,6.5,1/31/1978
1978,M02,1978 Feb,50.8,5.8,2/28/1978
1978,M03,1978 Mar,51.1,5.4,3/31/1978
1978,M04,1978 Apr,51.4,5.1,4/30/1978
1978,M05,1978 May,51.9,5.5,5/31/1978
1978,M06,1978 Jun,52.6,6,6/30/1978
1978,M07,1978 Jul,53,6.2,7/31/1978
1978,M08,1978 Aug,53.3,6.4,8/31/1978
1978,M09,1978 Sep,53.6,7,9/30/1978
1978,M10,1978 Oct,54,7.4,10/31/1978
1978,M11,1978 Nov,53.8,7,11/30/1978
1978,M12,1978 Dec,54.4,7.9,12/31/1978
1979,M01,1979 Jan,55.2,9.3,1/31/1979
1979,M02,1979 Feb,56,10.2,2/28/1979
1979,M03,1979 Mar,57.5,12.5,3/31/1979
1979,M04,1979 Apr,59.6,16,4/30/1979
1979,M05,1979 May,62.1,19.7,5/31/1979
1979,M06,1979 Jun,65.6,24.7,6/30/1979
1979,M07,1979 Jul,68.4,29.1,7/31/1979
1979,M08,1979 Aug,70.6,32.5,8/31/1979
1979,M09,1979 Sep,72.5,35.3,9/30/1979
1979,M10,1979 Oct,73.3,35.7,10/31/1979
1979,M11,1979 Nov,73.3,36.2,11/30/1979
1979,M12,1979 Dec,74.8,37.5,12/31/1979
1980,M01,1980 Jan,78.1,41.5,1/31/1980
1980,M02,1980 Feb,82.1,46.6,2/29/1980
1980,M03,1980 Mar,84.6,47.1,3/31/1980
1980,M04,1980 Apr,85.5,43.5,4/30/1980
1980,M05,1980 May,86.5,39.3,5/31/1980
1980,M06,1980 Jun,87.6,33.5,6/30/1980
1980,M07,1980 Jul,88.3,29.1,7/31/1980
1980,M08,1980 Aug,88.3,25.1,8/31/1980
1980,M09,1980 Sep,88.2,21.7,9/30/1980
1980,M10,1980 Oct,87.7,19.6,10/31/1980
1980,M11,1980 Nov,87.2,19,11/30/1980
1980,M12,1980 Dec,88.3,18,12/31/1980
1981,M01,1981 Jan,91,16.5,1/31/1981
1981,M02,1981 Feb,95.6,16.4,2/28/1981
1981,M03,1981 Mar,97.5,15.2,3/31/1981
1981,M04,1981 Apr,97.7,14.3,4/30/1981
1981,M05,1981 May,98,13.3,5/31/1981
1981,M06,1981 Jun,98.7,12.7,6/30/1981
1981,M07,1981 Jul,99.1,12.2,7/31/1981
1981,M08,1981 Aug,99.2,12.3,8/31/1981
1981,M09,1981 Sep,99.4,12.7,9/30/1981
1981,M10,1981 Oct,98.9,12.8,10/31/1981
1981,M11,1981 Nov,98.7,13.2,11/30/1981
1981,M12,1981 Dec,98.8,11.9,12/31/1981
1982,M01,1982 Jan,99.2,9,1/31/1982
1982,M02,1982 Feb,98.4,2.9,2/28/1982
1982,M03,1982 Mar,96.8,-0.7,3/31/1982
1982,M04,1982 Apr,94.3,-3.5,4/30/1982
1982,M05,1982 May,95.8,-2.2,5/31/1982
1982,M06,1982 Jun,99.7,1,6/30/1982
1982,M07,1982 Jul,101.2,2.1,7/31/1982
1982,M08,1982 Aug,101.2,2,8/31/1982
1982,M09,1982 Sep,101.1,1.7,9/30/1982
1982,M10,1982 Oct,101.3,2.4,10/31/1982
1982,M11,1982 Nov,100.7,2,11/30/1982
1982,M12,1982 Dec,100.1,1.3,12/31/1982
1983,M01,1983 Jan,98.8,-0.4,1/31/1983
1983,M02,1983 Feb,96.9,-1.5,2/28/1983
1983,M03,1983 Mar,95.3,-1.5,3/31/1983
1983,M04,1983 Apr,97.7,3.6,4/30/1983
1983,M05,1983 May,100.4,4.8,5/31/1983
1983,M06,1983 Jun,101.8,2.1,6/30/1983
1983,M07,1983 Jul,102.5,1.3,7/31/1983
1983,M08,1983 Aug,102.4,1.2,8/31/1983
1983,M09,1983 Sep,102.3,1.2,9/30/1983
1983,M10,1983 Oct,101.3,0,10/31/1983
1983,M11,1983 Nov,100.1,-0.6,11/30/1983
1983,M12,1983 Dec,99.6,-0.5,12/31/1983
1984,M01,1984 Jan,99.3,0.5,1/31/1984
1984,M02,1984 Feb,100.1,3.3,2/29/1984
1984,M03,1984 Mar,99.6,4.5,3/31/1984
1984,M04,1984 Apr,100.4,2.8,4/30/1984
1984,M05,1984 May,101.5,1.1,5/31/1984
1984,M06,1984 Jun,102.1,0.3,6/30/1984
1984,M07,1984 Jul,102.1,-0.4,7/31/1984
1984,M08,1984 Aug,101.8,-0.6,8/31/1984
1984,M09,1984 Sep,102.2,-0.1,9/30/1984
1984,M10,1984 Oct,101.7,0.4,10/31/1984
1984,M11,1984 Nov,100.5,0.4,11/30/1984
1984,M12,1984 Dec,99.8,0.2,12/31/1984
1985,M01,1985 Jan,98.8,-0.5,1/31/1985
1985,M02,1985 Feb,98,-2.1,2/28/1985
1985,M03,1985 Mar,99.3,-0.3,3/31/1985
1985,M04,1985 Apr,101.1,0.7,4/30/1985
1985,M05,1985 May,102.9,1.4,5/31/1985
1985,M06,1985 Jun,104.1,2,6/30/1985
1985,M07,1985 Jul,104.2,2.1,7/31/1985
1985,M08,1985 Aug,103.4,1.6,8/31/1985
1985,M09,1985 Sep,103.1,0.9,9/30/1985
1985,M10,1985 Oct,101.8,0.1,10/31/1985
1985,M11,1985 Nov,101.3,0.8,11/30/1985
1985,M12,1985 Dec,101.6,1.8,12/31/1985
1986,M01,1986 Jan,101.2,2.4,1/31/1986
1986,M02,1986 Feb,97.4,-0.6,2/28/1986
1986,M03,1986 Mar,90.9,-8.5,3/31/1986
1986,M04,1986 Apr,86.2,-14.7,4/30/1986
1986,M05,1986 May,87.6,-14.9,5/31/1986
1986,M06,1986 Jun,90.7,-12.9,6/30/1986
1986,M07,1986 Jul,87.3,-16.2,7/31/1986
1986,M08,1986 Aug,85.5,-17.3,8/31/1986
1986,M09,1986 Sep,85.9,-16.7,9/30/1986
1986,M10,1986 Oct,83.1,-18.4,10/31/1986
1986,M11,1986 Nov,81.4,-19.6,11/30/1986
1986,M12,1986 Dec,81.6,-19.7,12/31/1986
1987,M01,1987 Jan,83.9,-17.1,1/31/1987
1987,M02,1987 Feb,85.6,-12.1,2/28/1987
1987,M03,1987 Mar,85.8,-5.6,3/31/1987
1987,M04,1987 Apr,86.4,0.2,4/30/1987
1987,M05,1987 May,87.4,-0.2,5/31/1987
1987,M06,1987 Jun,90.7,0,6/30/1987
1987,M07,1987 Jul,91.1,4.4,7/31/1987
1987,M08,1987 Aug,92.7,8.4,8/31/1987
1987,M09,1987 Sep,92.3,7.5,9/30/1987
1987,M10,1987 Oct,89.8,8.1,10/31/1987
1987,M11,1987 Nov,89,9.3,11/30/1987
1987,M12,1987 Dec,88.3,8.2,12/31/1987
1988,M01,1988 Jan,87.4,4.2,1/31/1988
1988,M02,1988 Feb,87,1.6,2/29/1988
1988,M03,1988 Mar,86.5,0.8,3/31/1988
1988,M04,1988 Apr,87.3,1,4/30/1988
1988,M05,1988 May,88.7,1.5,5/31/1988
1988,M06,1988 Jun,91,0.3,6/30/1988
1988,M07,1988 Jul,91.4,0.3,7/31/1988
1988,M08,1988 Aug,92.3,-0.4,8/31/1988
1988,M09,1988 Sep,91.9,-0.4,9/30/1988
1988,M10,1988 Oct,89.9,0.1,10/31/1988
1988,M11,1988 Nov,88.9,-0.1,11/30/1988
1988,M12,1988 Dec,88.7,0.5,12/31/1988
1989,M01,1989 Jan,89,1.8,1/31/1989
1989,M02,1989 Feb,89.3,2.6,2/28/1989
1989,M03,1989 Mar,89.8,3.8,3/31/1989
1989,M04,1989 Apr,94.9,8.7,4/30/1989
1989,M05,1989 May,97.4,9.8,5/31/1989
1989,M06,1989 Jun,99,8.8,6/30/1989
1989,M07,1989 Jul,98.5,7.8,7/31/1989
1989,M08,1989 Aug,97,5.1,8/31/1989
1989,M09,1989 Sep,95.9,4.4,9/30/1989
1989,M10,1989 Oct,94.6,5.2,10/31/1989
1989,M11,1989 Nov,93.2,4.8,11/30/1989
1989,M12,1989 Dec,93.2,5.1,12/31/1989
1990,M01,1990 Jan,97.6,9.7,1/31/1990
1990,M02,1990 Feb,96.4,8,2/28/1990
1990,M03,1990 Mar,95.5,6.3,3/31/1990
1990,M04,1990 Apr,95.7,0.8,4/30/1990
1990,M05,1990 May,96.7,-0.7,5/31/1990
1990,M06,1990 Jun,99.5,0.5,6/30/1990
1990,M07,1990 Jul,98.9,0.4,7/31/1990
1990,M08,1990 Aug,103.6,6.8,8/31/1990
1990,M09,1990 Sep,108.8,13.5,9/30/1990
1990,M10,1990 Oct,111.4,17.8,10/31/1990
1990,M11,1990 Nov,110.9,19,11/30/1990
1990,M12,1990 Dec,110.1,18.1,12/31/1990
1991,M01,1991 Jan,107.1,9.7,1/31/1991
1991,M02,1991 Feb,102.8,6.6,2/28/1991
1991,M03,1991 Mar,99.7,4.4,3/31/1991
1991,M04,1991 Apr,99.5,4,4/30/1991
1991,M05,1991 May,102.1,5.6,5/31/1991
1991,M06,1991 Jun,103.5,4,6/30/1991
1991,M07,1991 Jul,102.7,3.8,7/31/1991
1991,M08,1991 Aug,102.9,-0.7,8/31/1991
1991,M09,1991 Sep,103.6,-4.8,9/30/1991
1991,M10,1991 Oct,101.8,-8.6,10/31/1991
1991,M11,1991 Nov,101.8,-8.2,11/30/1991
1991,M12,1991 Dec,101.9,-7.4,12/31/1991
1992,M01,1992 Jan,100.1,-6.5,1/31/1992
1992,M02,1992 Feb,99,-3.7,2/29/1992
1992,M03,1992 Mar,98.9,-0.8,3/31/1992
1992,M04,1992 Apr,99.5,0,4/30/1992
1992,M05,1992 May,102.4,0.3,5/31/1992
1992,M06,1992 Jun,105.9,2.3,6/30/1992
1992,M07,1992 Jul,106,3.2,7/31/1992
1992,M08,1992 Aug,105.4,2.4,8/31/1992
1992,M09,1992 Sep,105.9,2.2,9/30/1992
1992,M10,1992 Oct,104.5,2.7,10/31/1992
1992,M11,1992 Nov,104.5,2.7,11/30/1992
1992,M12,1992 Dec,103.9,2,12/31/1992
1993,M01,1993 Jan,103.4,3.3,1/31/1993
1993,M02,1993 Feb,102.2,3.2,2/28/1993
1993,M03,1993 Mar,102.5,3.6,3/31/1993
1993,M04,1993 Apr,103.1,3.6,4/30/1993
1993,M05,1993 May,104.4,2,5/31/1993
1993,M06,1993 Jun,106.5,0.6,6/30/1993
1993,M07,1993 Jul,105.8,-0.2,7/31/1993
1993,M08,1993 Aug,105.2,-0.2,8/31/1993
1993,M09,1993 Sep,105.2,-0.7,9/30/1993
1993,M10,1993 Oct,105.4,0.9,10/31/1993
1993,M11,1993 Nov,103.7,-0.8,11/30/1993
1993,M12,1993 Dec,102.4,-1.4,12/31/1993
1994,M01,1994 Jan,101.3,-2,1/31/1994
1994,M02,1994 Feb,102,-0.2,2/28/1994
1994,M03,1994 Mar,101.9,-0.6,3/31/1994
1994,M04,1994 Apr,102,-1.1,4/30/1994
1994,M05,1994 May,102.9,-1.4,5/31/1994
1994,M06,1994 Jun,105.7,-0.8,6/30/1994
1994,M07,1994 Jul,106.8,0.9,7/31/1994
1994,M08,1994 Aug,108.5,3.1,8/31/1994
1994,M09,1994 Sep,108.2,2.9,9/30/1994
1994,M10,1994 Oct,105.8,0.4,10/31/1994
1994,M11,1994 Nov,105.7,1.9,11/30/1994
1994,M12,1994 Dec,104.7,2.2,12/31/1994
1995,M01,1995 Jan,104.2,2.9,1/31/1995
1995,M02,1995 Feb,103.7,1.7,2/28/1995
1995,M03,1995 Mar,103.2,1.3,3/31/1995
1995,M04,1995 Apr,103.9,1.9,4/30/1995
1995,M05,1995 May,106.3,3.3,5/31/1995
1995,M06,1995 Jun,109.3,3.4,6/30/1995
1995,M07,1995 Jul,108.1,1.2,7/31/1995
1995,M08,1995 Aug,107.4,-1,8/31/1995
1995,M09,1995 Sep,106.2,-1.8,9/30/1995
1995,M10,1995 Oct,104.5,-1.2,10/31/1995
1995,M11,1995 Nov,102.8,-2.7,11/30/1995
1995,M12,1995 Dec,103.3,-1.3,12/31/1995
1996,M01,1996 Jan,105,0.8,1/31/1996
1996,M02,1996 Feb,104.9,1.2,2/29/1996
1996,M03,1996 Mar,106.1,2.8,3/31/1996
1996,M04,1996 Apr,110,5.9,4/30/1996
1996,M05,1996 May,112.9,6.2,5/31/1996
1996,M06,1996 Jun,113.1,3.5,6/30/1996
1996,M07,1996 Jul,112.5,4.1,7/31/1996
1996,M08,1996 Aug,111.6,3.9,8/31/1996
1996,M09,1996 Sep,111.7,5.2,9/30/1996
1996,M10,1996 Oct,110.5,5.7,10/31/1996
1996,M11,1996 Nov,111.1,8.1,11/30/1996
1996,M12,1996 Dec,112.2,8.6,12/31/1996
1997,M01,1997 Jan,113.3,7.9,1/31/1997
1997,M02,1997 Feb,113.1,7.8,2/28/1997
1997,M03,1997 Mar,111.2,4.8,3/31/1997
1997,M04,1997 Apr,110,0,4/30/1997
1997,M05,1997 May,109.9,-2.7,5/31/1997
1997,M06,1997 Jun,112.3,-0.7,6/30/1997
1997,M07,1997 Jul,111.4,-1,7/31/1997
1997,M08,1997 Aug,112.5,0.8,8/31/1997
1997,M09,1997 Sep,113.9,2,9/30/1997
1997,M10,1997 Oct,111.5,0.9,10/31/1997
1997,M11,1997 Nov,110.7,-0.4,11/30/1997
1997,M12,1997 Dec,108.4,-3.4,12/31/1997
1998,M01,1998 Jan,105.9,-6.5,1/31/1998
1998,M02,1998 Feb,103.2,-8.8,2/28/1998
1998,M03,1998 Mar,101.6,-8.6,3/31/1998
1998,M04,1998 Apr,101.9,-7.4,4/30/1998
1998,M05,1998 May,103.8,-5.6,5/31/1998
1998,M06,1998 Jun,105.7,-5.9,6/30/1998
1998,M07,1998 Jul,105.2,-5.6,7/31/1998
1998,M08,1998 Aug,103.8,-7.7,8/31/1998
1998,M09,1998 Sep,102.7,-9.8,9/30/1998
1998,M10,1998 Oct,101.3,-9.1,10/31/1998
1998,M11,1998 Nov,100.5,-9.2,11/30/1998
1998,M12,1998 Dec,98.9,-8.8,12/31/1998
1999,M01,1999 Jan,98.1,-7.4,1/31/1999
1999,M02,1999 Feb,97.3,-5.7,2/28/1999
1999,M03,1999 Mar,98.4,-3.1,3/31/1999
1999,M04,1999 Apr,105,3,4/30/1999
1999,M05,1999 May,105.6,1.7,5/31/1999
1999,M06,1999 Jun,106.8,1,6/30/1999
1999,M07,1999 Jul,108.7,3.3,7/31/1999
1999,M08,1999 Aug,111.3,7.2,8/31/1999
1999,M09,1999 Sep,113.2,10.2,9/30/1999
1999,M10,1999 Oct,111.6,10.2,10/31/1999
1999,M11,1999 Nov,111.2,10.6,11/30/1999
1999,M12,1999 Dec,112.2,13.4,12/31/1999
2000,M01,2000 Jan,112.5,14.7,1/31/2000
2000,M02,2000 Feb,116.7,19.9,2/29/2000
2000,M03,2000 Mar,122.2,24.2,3/31/2000
2000,M04,2000 Apr,120.7,15,4/30/2000
2000,M05,2000 May,121,14.6,5/31/2000
2000,M06,2000 Jun,129.6,21.3,6/30/2000
2000,M07,2000 Jul,129.7,19.3,7/31/2000
2000,M08,2000 Aug,125.9,13.1,8/31/2000
2000,M09,2000 Sep,130.6,15.4,9/30/2000
2000,M10,2000 Oct,129.3,15.9,10/31/2000
2000,M11,2000 Nov,129,16,11/30/2000
2000,M12,2000 Dec,128.1,14.2,12/31/2000
2001,M01,2001 Jan,132.5,17.8,1/31/2001
2001,M02,2001 Feb,132,13.1,2/28/2001
2001,M03,2001 Mar,129.5,6,3/31/2001
2001,M04,2001 Apr,133.1,10.3,4/30/2001
2001,M05,2001 May,140.1,15.8,5/31/2001
2001,M06,2001 Jun,140.5,8.4,6/30/2001
2001,M07,2001 Jul,132.4,2.1,7/31/2001
2001,M08,2001 Aug,129.4,2.8,8/31/2001
2001,M09,2001 Sep,132.5,1.5,9/30/2001
2001,M10,2001 Oct,122.1,-5.6,10/31/2001
2001,M11,2001 Nov,116,-10.1,11/30/2001
2001,M12,2001 Dec,111.4,-13,12/31/2001
2002,M01,2002 Jan,111.7,-15.7,1/31/2002
2002,M02,2002 Feb,111,-15.9,2/28/2002
2002,M03,2002 Mar,115.6,-10.7,3/31/2002
2002,M04,2002 Apr,122.2,-8.2,4/30/2002
2002,M05,2002 May,122.9,-12.3,5/31/2002
2002,M06,2002 Jun,124.9,-11.1,6/30/2002
2002,M07,2002 Jul,125.5,-5.2,7/31/2002
2002,M08,2002 Aug,125.8,-2.8,8/31/2002
2002,M09,2002 Sep,126.1,-4.8,9/30/2002
2002,M10,2002 Oct,125.8,3,10/31/2002
2002,M11,2002 Nov,125.3,8,11/30/2002
2002,M12,2002 Dec,123.3,10.7,12/31/2002
2003,M01,2003 Jan,127.5,14.1,1/31/2003
2003,M02,2003 Feb,135.4,22,2/28/2003
2003,M03,2003 Mar,142.6,23.4,3/31/2003
2003,M04,2003 Apr,138.1,13,4/30/2003
2003,M05,2003 May,134,9,5/31/2003
2003,M06,2003 Jun,136.5,9.3,6/30/2003
2003,M07,2003 Jul,136.8,9,7/31/2003
2003,M08,2003 Aug,140.6,11.8,8/31/2003
2003,M09,2003 Sep,144.6,14.7,9/30/2003
2003,M10,2003 Oct,136.9,8.8,10/31/2003
2003,M11,2003 Nov,133.1,6.2,11/30/2003
2003,M12,2003 Dec,131.8,6.9,12/31/2003
2004,M01,2004 Jan,137.4,7.8,1/31/2004
2004,M02,2004 Feb,140.6,3.8,2/29/2004
2004,M03,2004 Mar,143.1,0.4,3/31/2004
2004,M04,2004 Apr,145.9,5.6,4/30/2004
2004,M05,2004 May,154.1,15,5/31/2004
2004,M06,2004 Jun,159.7,17,6/30/2004
2004,M07,2004 Jul,156.3,14.3,7/31/2004
2004,M08,2004 Aug,155.3,10.5,8/31/2004
2004,M09,2004 Sep,154.3,6.7,9/30/2004
2004,M10,2004 Oct,157.7,15.2,10/31/2004
2004,M11,2004 Nov,158.6,19.2,11/30/2004
2004,M12,2004 Dec,153.7,16.6,12/31/2004
2005,M01,2005 Jan,151.9,10.6,1/31/2005
2005,M02,2005 Feb,155.2,10.4,2/28/2005
2005,M03,2005 Mar,160.8,12.4,3/31/2005
2005,M04,2005 Apr,170.9,17.1,4/30/2005
2005,M05,2005 May,169.4,9.9,5/31/2005
2005,M06,2005 Jun,171.4,7.3,6/30/2005
2005,M07,2005 Jul,178.5,14.2,7/31/2005
2005,M08,2005 Aug,186.6,20.2,8/31/2005
2005,M09,2005 Sep,208,34.8,9/30/2005
2005,M10,2005 Oct,204.3,29.5,10/31/2005
2005,M11,2005 Nov,187.6,18.3,11/30/2005
2005,M12,2005 Dec,180,17.1,12/31/2005
2006,M01,2006 Jan,189.5,24.8,1/31/2006
2006,M02,2006 Feb,186.4,20.1,2/28/2006
2006,M03,2006 Mar,188.6,17.3,3/31/2006
2006,M04,2006 Apr,201.4,17.8,4/30/2006
2006,M05,2006 May,209.3,23.6,5/31/2006
2006,M06,2006 Jun,211.3,23.3,6/30/2006
2006,M07,2006 Jul,215.1,20.5,7/31/2006
2006,M08,2006 Aug,214.7,15.1,8/31/2006
2006,M09,2006 Sep,199.1,-4.3,9/30/2006
2006,M10,2006 Oct,181.3,-11.3,10/31/2006
2006,M11,2006 Nov,180.4,-3.8,11/30/2006
2006,M12,2006 Dec,185.2,2.9,12/31/2006
2007,M01,2007 Jan,183.567,-3.1,1/31/2007
2007,M02,2007 Feb,184.451,-1,2/28/2007
2007,M03,2007 Mar,196.929,4.4,3/31/2007
2007,M04,2007 Apr,207.265,2.9,4/30/2007
2007,M05,2007 May,219.071,4.7,5/31/2007
2007,M06,2007 Jun,221.088,4.6,6/30/2007
2007,M07,2007 Jul,217.274,1,7/31/2007
2007,M08,2007 Aug,209.294,-2.5,8/31/2007
2007,M09,2007 Sep,209.637,5.3,9/30/2007
2007,M10,2007 Oct,207.588,14.5,10/31/2007
2007,M11,2007 Nov,219.009,21.4,11/30/2007
2007,M12,2007 Dec,217.506,17.4,12/31/2007
2008,M01,2008 Jan,219.465,19.6,1/31/2008
2008,M02,2008 Feb,219.311,18.9,2/29/2008
2008,M03,2008 Mar,230.505,17,3/31/2008
2008,M04,2008 Apr,240.194,15.9,4/30/2008
2008,M05,2008 May,257.106,17.4,5/31/2008
2008,M06,2008 Jun,275.621,24.7,6/30/2008
2008,M07,2008 Jul,280.833,29.3,7/31/2008
2008,M08,2008 Aug,266.283,27.2,8/31/2008
2008,M09,2008 Sep,258.02,23.1,9/30/2008
2008,M10,2008 Oct,231.561,11.5,10/31/2008
2008,M11,2008 Nov,189.938,-13.3,11/30/2008
2008,M12,2008 Dec,171.158,-21.3,12/31/2008
2009,M01,2009 Jan,174.622,-20.4,1/31/2009
2009,M02,2009 Feb,178.741,-18.5,2/28/2009
2009,M03,2009 Mar,177.454,-23,3/31/2009
2009,M04,2009 Apr,179.704,-25.2,4/30/2009
2009,M05,2009 May,186.909,-27.3,5/31/2009
2009,M06,2009 Jun,205.408,-25.5,6/30/2009
2009,M07,2009 Jul,201.938,-28.1,7/31/2009
2009,M08,2009 Aug,204.971,-23,8/31/2009
2009,M09,2009 Sep,202.243,-21.6,9/30/2009
2009,M10,2009 Oct,199.198,-14,10/31/2009
2009,M11,2009 Nov,204.026,7.4,11/30/2009
2009,M12,2009 Dec,202.301,18.2,12/31/2009
2010,M01,2010 Jan,208.026,19.1,1/31/2010
2010,M02,2010 Feb,204.455,14.4,2/28/2010
2010,M03,2010 Mar,209.999,18.3,3/31/2010
2010,M04,2010 Apr,212.977,18.5,4/30/2010
2010,M05,2010 May,214.363,14.7,5/31/2010
2010,M06,2010 Jun,211.66,3,6/30/2010
2010,M07,2010 Jul,212.372,5.2,7/31/2010
2010,M08,2010 Aug,212.663,3.8,8/31/2010
2010,M09,2010 Sep,210.003,3.8,9/30/2010
2010,M10,2010 Oct,210.947,5.9,10/31/2010
2010,M11,2010 Nov,211.97,3.9,11/30/2010
2010,M12,2010 Dec,217.953,7.7,12/31/2010
2011,M01,2011 Jan,223.266,7.3,1/31/2011
2011,M02,2011 Feb,226.86,11,2/28/2011
2011,M03,2011 Mar,242.516,15.5,3/31/2011
2011,M04,2011 Apr,253.495,19,4/30/2011
2011,M05,2011 May,260.376,21.5,5/31/2011
2011,M06,2011 Jun,254.17,20.1,6/30/2011
2011,M07,2011 Jul,252.661,19,7/31/2011
2011,M08,2011 Aug,251.706,18.4,8/31/2011
2011,M09,2011 Sep,250.48,19.3,9/30/2011
2011,M10,2011 Oct,240.902,14.2,10/31/2011
2011,M11,2011 Nov,238.177,12.4,11/30/2011
2011,M12,2011 Dec,232.3,6.6,12/31/2011
2012,M01,2012 Jan,236.942,6.1,1/31/2012
2012,M02,2012 Feb,242.663,7,2/29/2012
2012,M03,2012 Mar,253.599,4.6,3/31/2012
2012,M04,2012 Apr,255.736,0.9,4/30/2012
2012,M05,2012 May,250.306,-3.9,5/31/2012
2012,M06,2012 Jun,244.167,-3.9,6/30/2012
2012,M07,2012 Jul,239.972,-5,7/31/2012
2012,M08,2012 Aug,250.306,-0.6,8/31/2012
2012,M09,2012 Sep,256.332,2.3,9/30/2012
2012,M10,2012 Oct,250.523,4,10/31/2012
2012,M11,2012 Nov,238.946,0.3,11/30/2012
2012,M12,2012 Dec,233.473,0.5,12/31/2012
2013,M01,2013 Jan,234.624,-1,1/31/2013
2013,M02,2013 Feb,248.146,2.3,2/28/2013
2013,M03,2013 Mar,249.565,-1.6,3/31/2013
2013,M04,2013 Apr,244.757,-4.3,4/30/2013
2013,M05,2013 May,247.805,-1,5/31/2013
2013,M06,2013 Jun,251.921,3.2,6/30/2013
2013,M07,2013 Jul,251.37,4.7,7/31/2013
2013,M08,2013 Aug,250.011,-0.1,8/31/2013
2013,M09,2013 Sep,248.513,-3.1,9/30/2013
2013,M10,2013 Oct,238.524,-4.8,10/31/2013
2013,M11,2013 Nov,233.136,-2.4,11/30/2013
2013,M12,2013 Dec,234.542,0.5,12/31/2013
2014,M01,2014 Jan,239.551,2.1,1/31/2014
2014,M02,2014 Feb,242.041,-2.5,2/28/2014
2014,M03,2014 Mar,250.543,0.4,3/31/2014
2014,M04,2014 Apr,252.717,3.3,4/30/2014
2014,M05,2014 May,255.982,3.3,5/31/2014
2014,M06,2014 Jun,259.858,3.2,6/30/2014
2014,M07,2014 Jul,257.907,2.6,7/31/2014
2014,M08,2014 Aug,250.951,0.4,8/31/2014
2014,M09,2014 Sep,247.077,-0.6,9/30/2014
2014,M10,2014 Oct,234.745,-1.6,10/31/2014
2014,M11,2014 Nov,221.844,-4.8,11/30/2014
2014,M12,2014 Dec,209.785,-10.6,12/31/2014
2015,M01,2015 Jan,192.619,-19.6,1/31/2015
2015,M02,2015 Feb,196.597,-18.8,2/28/2015
2015,M03,2015 Mar,204.731,-18.3,3/31/2015
2015,M04,2015 Apr,203.715,-19.4,4/30/2015
2015,M05,2015 May,214.33,-16.3,5/31/2015
2015,M06,2015 Jun,220.861,-15,6/30/2015
2015,M07,2015 Jul,219.852,-14.8,7/31/2015
2015,M08,2015 Aug,213.248,-15,8/31/2015
2015,M09,2015 Sep,201.641,-18.4,9/30/2015
2015,M10,2015 Oct,194.501,-17.1,10/31/2015
2015,M11,2015 Nov,189.267,-14.7,11/30/2015
2015,M12,2015 Dec,183.378,-12.6,12/31/2015
2016,M01,2016 Jan,180.171,-6.5,1/31/2016
2016,M02,2016 Feb,172.061,-12.5,2/29/2016
2016,M03,2016 Mar,179.017,-12.6,3/31/2016
2016,M04,2016 Apr,185.652,-8.9,4/30/2016
2016,M05,2016 May,192.673,-10.1,5/31/2016
2016,M06,2016 Jun,200.035,-9.4,6/30/2016
2016,M07,2016 Jul,195.94,-10.9,7/31/2016
2016,M08,2016 Aug,193.524,-9.2,8/31/2016
2016,M09,2016 Sep,195.852,-2.9,9/30/2016
2016,M10,2016 Oct,194.786,0.1,10/31/2016
2016,M11,2016 Nov,191.402,1.1,11/30/2016
2016,M12,2016 Dec,193.306,5.4,12/31/2016
2017,M01,2017 Jan,199.608,10.8,1/31/2017
2017,M02,2017 Feb,198.195,15.2,2/28/2017
2017,M03,2017 Mar,198.597,10.9,3/31/2017
2017,M04,2017 Apr,202.869,9.3,4/30/2017
2017,M05,2017 May,203.132,5.4,5/31/2017
2017,M06,2017 Jun,204.646,2.3,6/30/2017
2017,M07,2017 Jul,202.554,3.4,7/31/2017
2017,M08,2017 Aug,205.894,6.4,8/31/2017
2017,M09,2017 Sep,215.711,10.1,9/30/2017
2017,M10,2017 Oct,207.29,6.4,10/31/2017
2017,M11,2017 Nov,209.383,9.4,11/30/2017
2017,M12,2017 Dec,206.598,6.9,12/31/2017
2018,M01,2018 Jan,210.663,5.5,1/31/2018
2018,M02,2018 Feb,213.519,7.7,2/28/2018
2018,M03,2018 Mar,212.554,7,3/31/2018
2018,M04,2018 Apr,218.83,7.9,4/30/2018
2018,M05,2018 May,226.81,11.7,5/31/2018
2018,M06,2018 Jun,229.137,12,6/30/2018
2018,M07,2018 Jul,227.107,12.1,7/31/2018
2018,M08,2018 Aug,226.939,10.2,8/31/2018
2018,M09,2018 Sep,226.165,4.8,9/30/2018
2018,M10,2018 Oct,225.757,8.9,10/31/2018
2018,M11,2018 Nov,215.91,3.1,11/30/2018
2018,M12,2018 Dec,205.905,-0.3,12/31/2018
2019,M01,2019 Jan,200.563,-4.8,1/31/2019
2019,M02,2019 Feb,202.74,-5,2/28/2019
2019,M03,2019 Mar,211.724,-0.4,3/31/2019
2019,M04,2019 Apr,222.499,1.7,4/30/2019
2019,M05,2019 May,225.773,-0.5,5/31/2019
2019,M06,2019 Jun,221.373,-3.4,6/30/2019
2019,M07,2019 Jul,222.492,-2,7/31/2019
2019,M08,2019 Aug,216.978,-4.4,8/31/2019
2019,M09,2019 Sep,215.418,-4.8,9/30/2019
2019,M10,2019 Oct,216.351,-4.2,10/31/2019
2019,M11,2019 Nov,214.636,-0.6,11/30/2019
2019,M12,2019 Dec,212.982,3.4,12/31/2019
2020,M01,2020 Jan,213.043,6.2,1/31/2020
2020,M02,2020 Feb,208.354,2.8,2/29/2020
2020,M03,2020 Mar,199.573,-5.7,3/31/2020
2020,M04,2020 Apr,183.081,-17.7,4/30/2020
2020,M05,2020 May,183.076,-18.9,5/31/2020
2020,M06,2020 Jun,193.379,-12.6,6/30/2020
2020,M07,2020 Jul,197.665,-11.2,7/31/2020
2020,M08,2020 Aug,197.362,-9,8/31/2020
2020,M09,2020 Sep,198.858,-7.7,9/30/2020
2020,M10,2020 Oct,196.458,-9.2,10/31/2020
2020,M11,2020 Nov,194.388,-9.4,11/30/2020
2020,M12,2020 Dec,198.155,-7,12/31/2020
2021,M01,2021 Jan,205.273,-3.6,1/31/2021
2021,M02,2021 Feb,213.277,2.4,2/28/2021
2021,M03,2021 Mar,225.861,13.2,3/31/2021
2021,M04,2021 Apr,229.116,25.1,4/30/2021
2021,M05,2021 May,235.339,28.5,5/31/2021
2021,M06,2021 Jun,240.72,24.5,6/30/2021
2021,M07,2021 Jul,244.8,23.8,7/31/2021
2021,M08,2021 Aug,246.639,25,8/31/2021
2021,M09,2021 Sep,248.228,24.8,9/30/2021
2021,M10,2021 Oct,255.338,30,10/31/2021
2021,M11,2021 Nov,259.1,33.3,11/30/2021
2021,M12,2021 Dec,256.207,29.3,12/31/2021
2022,M01,2022 Jan,260.653,27,1/31/2022
2022,M02,2022 Feb,267.771,25.6,2/28/2022
2022,M03,2022 Mar,298.246,32,3/31/2022
2022,M04,2022 Apr,298.469,30.3,4/30/2022
2022,M05,2022 May,316.761,34.6,5/31/2022
2022,M06,2022 Jun,340.917,41.6,6/30/2022
2022,M07,2022 Jul,325.407,32.9,7/31/2022
2022,M08,2022 Aug,305.372,23.8,8/31/2022
2022,M09,2022 Sep,297.343,19.8,9/30/2022
2022,M10,2022 Oct,300.359,17.6,10/31/2022
2022,M11,2022 Nov,292.953,13.1,11/30/2022
2022,M12,2022 Dec,274.937,7.3,12/31/2022
2023,M01,2023 Jan,283.33,8.7,1/31/2023
2023,M02,2023 Feb,281.673,5.2,2/28/2023
2023,M03,2023 Mar,279.084,-6.4,3/31/2023
2023,M04,2023 Apr,283.352,-5.1,4/30/2023
2023,M05,2023 May,279.816,-11.7,5/31/2023
2023,M06,2023 Jun,283.854,-16.7,6/30/2023
2023,M07,2023 Jul,284.828,-12.5,7/31/2023
2023,M08,2023 Aug,294.328,-3.6,8/31/2023
2023,M09,2023 Sep,296.004,-0.5,9/30/2023
2023,M10,2023 Oct,286.754,-4.5,10/31/2023
2023,M11,2023 Nov,277.029,-5.4,11/30/2023
2023,M12,2023 Dec,269.375,-2,12/31/2023
2024,M01,2024 Jan,270.42,-4.6,1/31/2024
2024,M02,2024 Feb,276.331,-1.9,2/29/2024
2024,M03,2024 Mar,285.002,2.1,3/31/2024
2024,M04,2024 Apr,290.76,2.6,4/30/2024
2024,M05,2024 May,290.139,3.7,5/31/2024
2024,M06,2024 Jun,286.675,1,6/30/2024
2024,M07,2024 Jul,287.868,1.1,7/31/2024
2024,M08,2024 Aug,282.614,-4,8/31/2024
2024,M09,2024 Sep,275.74,-6.8,9/30/2024
2024,M10,2024 Oct,272.807,-4.9,10/31/2024
2024,M11,2024 Nov,268.213,-3.2,11/30/2024
2024,M12,2024 Dec,267.963,-0.5,12/31/2024
2025,M01,2025 Jan,273.045,1,1/31/2025
2025,M02,2025 Feb,275.867,-0.2,2/28/2025
2025,M03,2025 Mar,275.734,-3.3,3/31/2025
2025,M04,2025 Apr,279.888,-3.7,4/30/2025
