Year,PCE,Core PCE,Month,Date,PCE YoY Change %,Core PCE YoY Change %
1959,15.164,15.501,1,1/31/1959,,
1959,15.179,15.513,2,2/28/1959,,
1959,15.189,15.531,3,3/31/1959,,
1959,15.219,15.57,4,4/30/1959,,
1959,15.227,15.589,5,5/31/1959,,
1959,15.271,15.635,6,6/30/1959,,
1959,15.303,15.672,7,7/31/1959,,
1959,15.325,15.697,8,8/31/1959,,
1959,15.365,15.738,9,9/30/1959,,
1959,15.402,15.765,10,10/31/1959,,
1959,15.412,15.794,11,11/30/1959,,
1959,15.43,15.818,12,12/31/1959,,
1960,15.421,15.822,1,1/31/1960,1.69,2.07
1960,15.437,15.852,2,2/29/1960,1.7,2.19
1960,15.446,15.853,3,3/31/1960,1.69,2.07
1960,15.502,15.882,4,4/30/1960,1.86,2
1960,15.518,15.908,5,5/31/1960,1.91,2.05
1960,15.525,15.917,6,6/30/1960,1.66,1.8
1960,15.553,15.945,7,7/31/1960,1.63,1.74
1960,15.579,15.968,8,8/31/1960,1.66,1.73
1960,15.588,15.981,9,9/30/1960,1.45,1.54
1960,15.606,15.99,10,10/31/1960,1.32,1.43
1960,15.659,16.033,11,11/30/1960,1.6,1.51
1960,15.662,16.028,12,12/31/1960,1.5,1.33
1961,15.665,16.032,1,1/31/1961,1.58,1.33
1961,15.679,16.048,2,2/28/1961,1.57,1.24
1961,15.67,16.053,3,3/31/1961,1.45,1.26
1961,15.661,16.075,4,4/30/1961,1.03,1.22
1961,15.67,16.096,5,5/31/1961,0.98,1.18
1961,15.677,16.12,6,6/30/1961,0.98,1.28
1961,15.711,16.145,7,7/31/1961,1.02,1.25
1961,15.724,16.162,8,8/31/1961,0.93,1.21
1961,15.742,16.194,9,9/30/1961,0.99,1.33
1961,15.741,16.199,10,10/31/1961,0.87,1.31
1961,15.742,16.202,11,11/30/1961,0.53,1.05
1961,15.746,16.216,12,12/31/1961,0.54,1.17
1962,15.776,16.235,1,1/31/1962,0.71,1.27
1962,15.818,16.262,2,2/28/1962,0.89,1.33
1962,15.839,16.3,3,3/31/1962,1.08,1.54
1962,15.857,16.303,4,4/30/1962,1.25,1.42
1962,15.867,16.326,5,5/31/1962,1.26,1.43
1962,15.877,16.356,6,6/30/1962,1.28,1.46
1962,15.868,16.37,7,7/31/1962,1,1.39
1962,15.891,16.372,8,8/31/1962,1.06,1.3
1962,15.969,16.404,9,9/30/1962,1.44,1.3
1962,15.953,16.403,10,10/31/1962,1.35,1.26
1962,15.964,16.415,11,11/30/1962,1.41,1.31
1962,15.958,16.42,12,12/31/1962,1.35,1.26
1963,15.997,16.451,1,1/31/1963,1.4,1.33
1963,16.014,16.47,2,2/28/1963,1.24,1.28
1963,16.001,16.48,3,3/31/1963,1.02,1.1
1963,16,16.5,4,4/30/1963,0.9,1.21
1963,16.026,16.53,5,5/31/1963,1,1.25
1963,16.061,16.558,6,6/30/1963,1.16,1.24
1963,16.093,16.573,7,7/31/1963,1.42,1.24
1963,16.115,16.588,8,8/31/1963,1.41,1.32
1963,16.112,16.618,9,9/30/1963,0.9,1.3
1963,16.143,16.655,10,10/31/1963,1.19,1.54
1963,16.166,16.67,11,11/30/1963,1.27,1.55
1963,16.19,16.694,12,12/31/1963,1.45,1.67
1964,16.224,16.717,1,1/31/1964,1.42,1.62
1964,16.247,16.749,2,2/29/1964,1.45,1.69
1964,16.257,16.765,3,3/31/1964,1.6,1.73
1964,16.269,16.78,4,4/30/1964,1.68,1.7
1964,16.271,16.794,5,5/31/1964,1.53,1.6
1964,16.294,16.806,6,6/30/1964,1.45,1.5
1964,16.315,16.823,7,7/31/1964,1.38,1.51
1964,16.327,16.845,8,8/31/1964,1.32,1.55
1964,16.352,16.852,9,9/30/1964,1.49,1.41
1964,16.362,16.859,10,10/31/1964,1.36,1.22
1964,16.385,16.883,11,11/30/1964,1.35,1.28
1964,16.409,16.907,12,12/31/1964,1.35,1.28
1965,16.427,16.93,1,1/31/1965,1.25,1.27
1965,16.434,16.95,2,2/28/1965,1.15,1.2
1965,16.455,16.96,3,3/31/1965,1.22,1.16
1965,16.481,16.98,4,4/30/1965,1.3,1.19
1965,16.518,17.011,5,5/31/1965,1.52,1.29
1965,16.566,17.007,6,6/30/1965,1.67,1.2
1965,16.578,17.024,7,7/31/1965,1.61,1.19
1965,16.582,17.056,8,8/31/1965,1.56,1.25
1965,16.59,17.076,9,9/30/1965,1.46,1.33
1965,16.595,17.07,10,10/31/1965,1.42,1.25
1965,16.623,17.102,11,11/30/1965,1.45,1.3
1965,16.683,17.154,12,12/31/1965,1.67,1.46
1966,16.703,17.159,1,1/31/1966,1.68,1.35
1966,16.772,17.201,2,2/28/1966,2.06,1.48
1966,16.813,17.223,3,3/31/1966,2.18,1.55
1966,16.871,17.285,4,4/30/1966,2.37,1.8
1966,16.892,17.331,5,5/31/1966,2.26,1.88
1966,16.934,17.387,6,6/30/1966,2.22,2.23
1966,16.967,17.438,7,7/31/1966,2.35,2.43
1966,17.032,17.47,8,8/31/1966,2.71,2.43
1966,17.086,17.524,9,9/30/1966,2.99,2.62
1966,17.131,17.581,10,10/31/1966,3.23,2.99
1966,17.156,17.625,11,11/30/1966,3.21,3.06
1966,17.192,17.679,12,12/31/1966,3.05,3.06
1967,17.193,17.695,1,1/31/1967,2.93,3.12
1967,17.213,17.727,2,2/28/1967,2.63,3.06
1967,17.222,17.754,3,3/31/1967,2.43,3.08
1967,17.251,17.803,4,4/30/1967,2.25,3
1967,17.284,17.842,5,5/31/1967,2.32,2.95
1967,17.339,17.887,6,6/30/1967,2.39,2.88
1967,17.398,17.948,7,7/31/1967,2.54,2.92
1967,17.452,18.003,8,8/31/1967,2.47,3.05
1967,17.505,18.067,9,9/30/1967,2.45,3.1
1967,17.554,18.134,10,10/31/1967,2.47,3.15
1967,17.612,18.192,11,11/30/1967,2.66,3.22
1967,17.64,18.237,12,12/31/1967,2.61,3.16
1968,17.722,18.318,1,1/31/1968,3.08,3.52
1968,17.794,18.397,2,2/29/1968,3.38,3.78
1968,17.852,18.47,3,3/31/1968,3.66,4.03
1968,17.908,18.538,4,4/30/1968,3.81,4.13
1968,17.974,18.608,5,5/31/1968,3.99,4.29
1968,18.032,18.681,6,6/30/1968,4,4.44
1968,18.087,18.743,7,7/31/1968,3.96,4.43
1968,18.161,18.816,8,8/31/1968,4.06,4.52
1968,18.224,18.892,9,9/30/1968,4.11,4.57
1968,18.304,18.969,10,10/31/1968,4.27,4.6
1968,18.366,19.041,11,11/30/1968,4.28,4.67
1968,18.404,19.098,12,12/31/1968,4.33,4.72
1969,18.476,19.17,1,1/31/1969,4.25,4.65
1969,18.523,19.236,2,2/28/1969,4.1,4.56
1969,18.61,19.326,3,3/31/1969,4.25,4.63
1969,18.692,19.4,4,4/30/1969,4.38,4.65
1969,18.767,19.478,5,5/31/1969,4.41,4.68
1969,18.858,19.545,6,6/30/1969,4.58,4.63
1969,18.941,19.636,7,7/31/1969,4.72,4.76
1969,18.993,19.691,8,8/31/1969,4.58,4.65
1969,19.072,19.77,9,9/30/1969,4.65,4.65
1969,19.137,19.855,10,10/31/1969,4.55,4.67
1969,19.22,19.931,11,11/30/1969,4.65,4.67
1969,19.308,20.005,12,12/31/1969,4.91,4.75
1970,19.377,20.071,1,1/31/1970,4.88,4.7
1970,19.454,20.148,2,2/28/1970,5.03,4.74
1970,19.502,20.223,3,3/31/1970,4.79,4.64
1970,19.601,20.303,4,4/30/1970,4.86,4.65
1970,19.663,20.375,5,5/31/1970,4.77,4.61
1970,19.714,20.448,6,6/30/1970,4.54,4.62
1970,19.786,20.526,7,7/31/1970,4.46,4.53
1970,19.838,20.597,8,8/31/1970,4.45,4.6
1970,19.927,20.683,9,9/30/1970,4.48,4.62
1970,20.026,20.785,10,10/31/1970,4.65,4.68
1970,20.105,20.892,11,11/30/1970,4.6,4.82
1970,20.194,20.997,12,12/31/1970,4.59,4.96
1971,20.237,21.08,1,1/31/1971,4.44,5.03
1971,20.296,21.16,2,2/28/1971,4.33,5.02
1971,20.363,21.228,3,3/31/1971,4.41,4.97
1971,20.443,21.307,4,4/30/1971,4.3,4.95
1971,20.528,21.4,5,5/31/1971,4.4,5.03
1971,20.619,21.485,6,6/30/1971,4.59,5.07
1971,20.681,21.567,7,7/31/1971,4.52,5.07
1971,20.741,21.597,8,8/31/1971,4.55,4.86
1971,20.772,21.633,9,9/30/1971,4.24,4.59
1971,20.804,21.667,10,10/31/1971,3.88,4.24
1971,20.847,21.716,11,11/30/1971,3.69,3.94
1971,20.929,21.784,12,12/31/1971,3.64,3.75
1972,21.015,21.877,1,1/31/1972,3.84,3.78
1972,21.098,21.936,2,2/29/1972,3.95,3.67
1972,21.128,21.979,3,3/31/1972,3.76,3.54
1972,21.16,22.03,4,4/30/1972,3.51,3.39
1972,21.207,22.081,5,5/31/1972,3.31,3.18
1972,21.239,22.126,6,6/30/1972,3.01,2.98
1972,21.315,22.189,7,7/31/1972,3.07,2.88
1972,21.377,22.236,8,8/31/1972,3.07,2.96
1972,21.473,22.31,9,9/30/1972,3.37,3.13
1972,21.497,22.323,10,10/31/1972,3.33,3.03
1972,21.561,22.382,11,11/30/1972,3.42,3.07
1972,21.63,22.449,12,12/31/1972,3.35,3.05
1973,21.695,22.463,1,1/31/1973,3.24,2.68
1973,21.809,22.534,2,2/28/1973,3.37,2.73
1973,21.964,22.625,3,3/31/1973,3.96,2.94
1973,22.127,22.756,4,4/30/1973,4.57,3.3
1973,22.236,22.844,5,5/31/1973,4.85,3.46
1973,22.363,22.943,6,6/30/1973,5.29,3.69
1973,22.444,23.041,7,7/31/1973,5.3,3.84
1973,22.703,23.148,8,8/31/1973,6.2,4.1
1973,22.793,23.265,9,9/30/1973,6.15,4.28
1973,22.922,23.355,10,10/31/1973,6.63,4.62
1973,23.11,23.468,11,11/30/1973,7.18,4.85
1973,23.3,23.598,12,12/31/1973,7.72,5.12
1974,23.523,23.714,1,1/31/1974,8.43,5.57
1974,23.797,23.865,2,2/28/1974,9.12,5.91
1974,24.073,24.051,3,3/31/1974,9.6,6.3
1974,24.243,24.231,4,4/30/1974,9.56,6.48
1974,24.482,24.464,5,5/31/1974,10.1,7.09
1974,24.69,24.715,6,6/30/1974,10.41,7.72
1974,24.872,24.934,7,7/31/1974,10.82,8.22
1974,25.132,25.174,8,8/31/1974,10.7,8.75
1974,25.393,25.4,9,9/30/1974,11.41,9.18
1974,25.575,25.599,10,10/31/1974,11.57,9.61
1974,25.767,25.786,11,11/30/1974,11.5,9.88
1974,25.971,25.968,12,12/31/1974,11.46,10.04
1975,26.132,26.119,1,1/31/1975,11.09,10.14
1975,26.274,26.304,2,2/28/1975,10.41,10.22
1975,26.363,26.441,3,3/31/1975,9.51,9.94
1975,26.452,26.57,4,4/30/1975,9.11,9.65
1975,26.558,26.683,5,5/31/1975,8.48,9.07
1975,26.724,26.813,6,6/30/1975,8.24,8.49
1975,26.953,26.978,7,7/31/1975,8.37,8.2
1975,27.07,27.071,8,8/31/1975,7.71,7.54
1975,27.204,27.218,9,9/30/1975,7.13,7.16
1975,27.362,27.354,10,10/31/1975,6.99,6.86
1975,27.538,27.535,11,11/30/1975,6.87,6.78
1975,27.69,27.702,12,12/31/1975,6.62,6.68
1976,27.795,27.844,1,1/31/1976,6.36,6.6
1976,27.831,27.955,2,2/29/1976,5.93,6.28
1976,27.873,28.047,3,3/31/1976,5.73,6.07
1976,27.936,28.157,4,4/30/1976,5.61,5.97
1976,28.069,28.29,5,5/31/1976,5.69,6.02
1976,28.192,28.405,6,6/30/1976,5.49,5.94
1976,28.335,28.561,7,7/31/1976,5.13,5.87
1976,28.491,28.726,8,8/31/1976,5.25,6.11
1976,28.651,28.894,9,9/30/1976,5.32,6.16
1976,28.801,29.036,10,10/31/1976,5.26,6.15
1976,28.932,29.168,11,11/30/1976,5.06,5.93
1976,29.094,29.326,12,12/31/1976,5.07,5.86
1977,29.263,29.505,1,1/31/1977,5.28,5.97
1977,29.492,29.686,2,2/28/1977,5.97,6.19
1977,29.64,29.812,3,3/31/1977,6.34,6.29
1977,29.812,29.959,4,4/30/1977,6.72,6.4
1977,29.963,30.112,5,5/31/1977,6.75,6.44
1977,30.131,30.292,6,6/30/1977,6.88,6.64
1977,30.287,30.479,7,7/31/1977,6.89,6.72
1977,30.428,30.629,8,8/31/1977,6.8,6.62
1977,30.543,30.758,9,9/30/1977,6.6,6.45
1977,30.685,30.907,10,10/31/1977,6.54,6.44
1977,30.861,31.067,11,11/30/1977,6.67,6.51
1977,31.011,31.227,12,12/31/1977,6.59,6.48
1978,31.194,31.414,1,1/31/1978,6.6,6.47
1978,31.339,31.535,2,2/28/1978,6.26,6.23
1978,31.542,31.706,3,3/31/1978,6.42,6.35
1978,31.781,31.911,4,4/30/1978,6.6,6.52
1978,32.008,32.099,5,5/31/1978,6.83,6.6
1978,32.217,32.278,6,6/30/1978,6.92,6.56
1978,32.393,32.468,7,7/31/1978,6.95,6.53
1978,32.557,32.642,8,8/31/1978,7,6.57
1978,32.742,32.83,9,9/30/1978,7.2,6.74
1978,33.003,33.071,10,10/31/1978,7.55,7
1978,33.19,33.249,11,11/30/1978,7.55,7.02
1978,33.345,33.378,12,12/31/1978,7.53,6.89
1979,33.597,33.549,1,1/31/1979,7.7,6.8
1979,33.776,33.659,2,2/28/1979,7.78,6.74
1979,34.04,33.852,3,3/31/1979,7.92,6.77
1979,34.395,34.165,4,4/30/1979,8.23,7.06
1979,34.751,34.462,5,5/31/1979,8.57,7.36
1979,35.038,34.655,6,6/30/1979,8.76,7.36
1979,35.305,34.829,7,7/31/1979,8.99,7.27
1979,35.575,35.06,8,8/31/1979,9.27,7.41
1979,35.889,35.299,9,9/30/1979,9.61,7.52
1979,36.182,35.557,10,10/31/1979,9.63,7.52
1979,36.433,35.784,11,11/30/1979,9.77,7.62
1979,36.739,36.041,12,12/31/1979,10.18,7.98
1980,37.124,36.315,1,1/31/1980,10.5,8.24
1980,37.526,36.677,2,2/29/1980,11.1,8.97
1980,37.987,37.017,3,3/31/1980,11.6,9.35
1980,38.185,37.207,4,4/30/1980,11.02,8.9
1980,38.482,37.507,5,5/31/1980,10.74,8.84
1980,38.725,37.756,6,6/30/1980,10.52,8.95
1980,39.026,38.021,7,7/31/1980,10.54,9.16
1980,39.351,38.296,8,8/31/1980,10.61,9.23
1980,39.715,38.657,9,9/30/1980,10.66,9.51
1980,40.033,38.975,10,10/31/1980,10.64,9.61
1980,40.359,39.282,11,11/30/1980,10.78,9.78
1980,40.621,39.518,12,12/31/1980,10.57,9.65
1981,41.011,39.861,1,1/31/1981,10.47,9.76
1981,41.426,40.152,2,2/28/1981,10.39,9.47
1981,41.715,40.375,3,3/31/1981,9.81,9.07
1981,41.897,40.633,4,4/30/1981,9.72,9.21
1981,42.085,40.913,5,5/31/1981,9.36,9.08
1981,42.253,41.117,6,6/30/1981,9.11,8.9
1981,42.508,41.365,7,7/31/1981,8.92,8.8
1981,42.774,41.642,8,8/31/1981,8.7,8.74
1981,43.033,41.915,9,9/30/1981,8.35,8.43
1981,43.228,42.165,10,10/31/1981,7.98,8.18
1981,43.46,42.411,11,11/30/1981,7.68,7.97
1981,43.594,42.568,12,12/31/1981,7.32,7.72
1982,43.853,42.829,1,1/31/1982,6.93,7.45
1982,43.985,42.994,2,2/28/1982,6.18,7.08
1982,44.098,43.182,3,3/31/1982,5.71,6.95
1982,44.12,43.353,4,4/30/1982,5.31,6.69
1982,44.382,43.589,5,5/31/1982,5.46,6.54
1982,44.704,43.808,6,6/30/1982,5.8,6.54
1982,44.969,44.092,7,7/31/1982,5.79,6.59
1982,45.108,44.295,8,8/31/1982,5.46,6.37
1982,45.233,44.459,9,9/30/1982,5.11,6.07
1982,45.487,44.741,10,10/31/1982,5.23,6.11
1982,45.624,44.906,11,11/30/1982,4.98,5.88
1982,45.693,45.049,12,12/31/1982,4.81,5.83
1983,45.906,45.357,1,1/31/1983,4.68,5.9
1983,45.984,45.525,2,2/28/1983,4.54,5.89
1983,46.043,45.583,3,3/31/1983,4.41,5.56
1983,46.253,45.721,4,4/30/1983,4.83,5.46
1983,46.384,45.787,5,5/31/1983,4.51,5.04
1983,46.557,46.001,6,6/30/1983,4.15,5.01
1983,46.82,46.311,7,7/31/1983,4.12,5.03
1983,47.02,46.55,8,8/31/1983,4.24,5.09
1983,47.185,46.738,9,9/30/1983,4.32,5.13
1983,47.265,46.821,10,10/31/1983,3.91,4.65
1983,47.332,46.93,11,11/30/1983,3.74,4.51
1983,47.358,46.965,12,12/31/1983,3.64,4.25
1984,47.564,47.121,1,1/31/1984,3.61,3.89
1984,47.884,47.418,2,2/29/1984,4.13,4.16
1984,48.041,47.598,3,3/31/1984,4.34,4.42
1984,48.224,47.822,4,4/30/1984,4.26,4.6
1984,48.285,47.933,5,5/31/1984,4.1,4.69
1984,48.371,48.046,6,6/30/1984,3.9,4.45
1984,48.544,48.253,7,7/31/1984,3.68,4.19
1984,48.693,48.412,8,8/31/1984,3.56,4
1984,48.759,48.486,9,9/30/1984,3.34,3.74
1984,48.874,48.595,10,10/31/1984,3.4,3.79
1984,48.943,48.698,11,11/30/1984,3.4,3.77
1984,49.081,48.891,12,12/31/1984,3.64,4.1
1985,49.326,49.165,1,1/31/1985,3.7,4.34
1985,49.555,49.42,2,2/28/1985,3.49,4.22
1985,49.749,49.593,3,3/31/1985,3.56,4.19
1985,49.821,49.652,4,4/30/1985,3.31,3.83
1985,49.939,49.823,5,5/31/1985,3.43,3.94
1985,50.075,49.988,6,6/30/1985,3.52,4.04
1985,50.198,50.134,7,7/31/1985,3.41,3.9
1985,50.364,50.38,8,8/31/1985,3.43,4.07
1985,50.449,50.484,9,9/30/1985,3.47,4.12
1985,50.533,50.565,10,10/31/1985,3.39,4.05
1985,50.68,50.689,11,11/30/1985,3.55,4.09
1985,50.85,50.827,12,12/31/1985,3.6,3.96
1986,51.084,51.101,1,1/31/1986,3.56,3.94
1986,51.084,51.233,2,2/28/1986,3.09,3.67
1986,50.972,51.389,3,3/31/1986,2.46,3.62
1986,50.868,51.482,4,4/30/1986,2.1,3.69
1986,50.961,51.57,5,5/31/1986,2.05,3.51
1986,51.151,51.725,6,6/30/1986,2.15,3.47
1986,51.164,51.819,7,7/31/1986,1.92,3.36
1986,51.228,51.925,8,8/31/1986,1.72,3.07
1986,51.396,52.096,9,9/30/1986,1.88,3.19
1986,51.488,52.273,10,10/31/1986,1.89,3.38
1986,51.58,52.384,11,11/30/1986,1.78,3.34
1986,51.651,52.452,12,12/31/1986,1.58,3.2
1987,51.894,52.578,1,1/31/1987,1.59,2.89
1987,52.076,52.685,2,2/28/1987,1.94,2.83
1987,52.214,52.841,3,3/31/1987,2.44,2.83
1987,52.409,53.065,4,4/30/1987,3.03,3.07
1987,52.542,53.214,5,5/31/1987,3.1,3.19
1987,52.741,53.36,6,6/30/1987,3.11,3.16
1987,52.863,53.498,7,7/31/1987,3.32,3.24
1987,53.072,53.679,8,8/31/1987,3.6,3.38
1987,53.251,53.892,9,9/30/1987,3.61,3.45
1987,53.42,54.122,10,10/31/1987,3.75,3.54
1987,53.521,54.235,11,11/30/1987,3.76,3.53
1987,53.62,54.349,12,12/31/1987,3.81,3.62
1988,53.828,54.606,1,1/31/1988,3.73,3.86
1988,53.908,54.718,2,2/29/1988,3.52,3.86
1988,54.093,54.952,3,3/31/1988,3.6,4
1988,54.356,55.219,4,4/30/1988,3.72,4.06
1988,54.514,55.407,5,5/31/1988,3.75,4.12
1988,54.746,55.641,6,6/30/1988,3.8,4.27
1988,55.012,55.868,7,7/31/1988,4.07,4.43
1988,55.175,56.007,8,8/31/1988,3.96,4.34
1988,55.444,56.307,9,9/30/1988,4.12,4.48
1988,55.625,56.521,10,10/31/1988,4.13,4.43
1988,55.754,56.676,11,11/30/1988,4.17,4.5
1988,55.928,56.864,12,12/31/1988,4.3,4.63
1989,56.215,57.152,1,1/31/1989,4.43,4.66
1989,56.402,57.297,2,2/28/1989,4.63,4.71
1989,56.612,57.468,3,3/31/1989,4.66,4.58
1989,56.989,57.661,4,4/30/1989,4.84,4.42
1989,57.197,57.833,5,5/31/1989,4.92,4.38
1989,57.322,57.987,6,6/30/1989,4.71,4.22
1989,57.459,58.136,7,7/31/1989,4.45,4.06
1989,57.466,58.217,8,8/31/1989,4.15,3.95
1989,57.594,58.419,9,9/30/1989,3.88,3.75
1989,57.819,58.631,10,10/31/1989,3.94,3.73
1989,57.945,58.787,11,11/30/1989,3.93,3.72
1989,58.113,58.954,12,12/31/1989,3.91,3.68
1990,58.553,59.181,1,1/31/1990,4.16,3.55
1990,58.811,59.468,2,2/28/1990,4.27,3.79
1990,59.033,59.754,3,3/31/1990,4.28,3.98
1990,59.157,59.932,4,4/30/1990,3.8,3.94
1990,59.29,60.115,5,5/31/1990,3.66,3.95
1990,59.552,60.349,6,6/30/1990,3.89,4.07
1990,59.699,60.501,7,7/31/1990,3.9,4.07
1990,60.096,60.753,8,8/31/1990,4.58,4.36
1990,60.465,60.965,9,9/30/1990,4.98,4.36
1990,60.811,61.172,10,10/31/1990,5.17,4.33
1990,60.888,61.246,11,11/30/1990,5.08,4.18
1990,60.945,61.331,12,12/31/1990,4.87,4.03
1991,61.177,61.637,1,1/31/1991,4.48,4.15
1991,61.208,61.807,2,2/28/1991,4.08,3.93
1991,61.221,61.936,3,3/31/1991,3.71,3.65
1991,61.332,62.06,4,4/30/1991,3.68,3.55
1991,61.586,62.307,5,5/31/1991,3.87,3.65
1991,61.69,62.442,6,6/30/1991,3.59,3.47
1991,61.787,62.632,7,7/31/1991,3.5,3.52
1991,61.931,62.804,8,8/31/1991,3.05,3.38
1991,62.144,63.055,9,9/30/1991,2.78,3.43
1991,62.26,63.194,10,10/31/1991,2.38,3.31
1991,62.397,63.312,11,11/30/1991,2.48,3.37
1991,62.553,63.468,12,12/31/1991,2.64,3.48
1992,62.638,63.641,1,1/31/1992,2.39,3.25
1992,62.797,63.814,2,2/29/1992,2.6,3.25
1992,62.949,63.973,3,3/31/1992,2.82,3.29
1992,63.119,64.183,4,4/30/1992,2.91,3.42
1992,63.203,64.273,5,5/31/1992,2.63,3.16
1992,63.315,64.323,6,6/30/1992,2.63,3.01
1992,63.524,64.566,7,7/31/1992,2.81,3.09
1992,63.609,64.625,8,8/31/1992,2.71,2.9
1992,63.713,64.73,9,9/30/1992,2.52,2.66
1992,63.938,64.979,10,10/31/1992,2.7,2.82
1992,64.064,65.121,11,11/30/1992,2.67,2.86
1992,64.176,65.242,12,12/31/1992,2.59,2.8
1993,64.332,65.432,1,1/31/1993,2.7,2.81
1993,64.429,65.557,2,2/28/1993,2.6,2.73
1993,64.561,65.7,3,3/31/1993,2.56,2.7
1993,64.733,65.891,4,4/30/1993,2.56,2.66
1993,64.933,66.114,5,5/31/1993,2.74,2.86
1993,64.955,66.177,6,6/30/1993,2.59,2.88
1993,65.059,66.314,7,7/31/1993,2.42,2.71
1993,65.17,66.438,8,8/31/1993,2.45,2.81
1993,65.238,66.538,9,9/30/1993,2.39,2.79
1993,65.443,66.647,10,10/31/1993,2.35,2.57
1993,65.567,66.819,11,11/30/1993,2.35,2.61
1993,65.582,66.849,12,12/31/1993,2.19,2.46
1994,65.604,66.902,1,1/31/1994,1.98,2.25
1994,65.756,67.047,2,2/28/1994,2.06,2.27
1994,65.937,67.275,3,3/31/1994,2.13,2.4
1994,66.015,67.376,4,4/30/1994,1.98,2.25
1994,66.111,67.526,5,5/31/1994,1.81,2.14
1994,66.272,67.676,6,6/30/1994,2.03,2.27
1994,66.481,67.818,7,7/31/1994,2.19,2.27
1994,66.634,67.894,8,8/31/1994,2.25,2.19
1994,66.708,67.997,9,9/30/1994,2.25,2.19
1994,66.821,68.157,10,10/31/1994,2.11,2.27
1994,66.948,68.282,11,11/30/1994,2.11,2.19
1994,66.991,68.305,12,12/31/1994,2.15,2.18
1995,67.127,68.475,1,1/31/1995,2.32,2.35
1995,67.246,68.587,2,2/28/1995,2.27,2.3
1995,67.37,68.755,3,3/31/1995,2.17,2.2
1995,67.547,68.915,4,4/30/1995,2.32,2.28
1995,67.651,69.032,5,5/31/1995,2.33,2.23
1995,67.717,69.092,6,6/30/1995,2.18,2.09
1995,67.802,69.201,7,7/31/1995,1.99,2.04
1995,67.948,69.367,8,8/31/1995,1.97,2.17
1995,67.995,69.458,9,9/30/1995,1.93,2.15
1995,68.171,69.627,10,10/31/1995,2.02,2.16
1995,68.169,69.672,11,11/30/1995,1.82,2.04
1995,68.3,69.77,12,12/31/1995,1.95,2.14
1996,68.452,69.849,1,1/31/1996,1.97,2.01
1996,68.56,69.94,2,2/29/1996,1.95,1.97
1996,68.767,70.102,3,3/31/1996,2.07,1.96
1996,68.973,70.197,4,4/30/1996,2.11,1.86
1996,69.092,70.319,5,5/31/1996,2.13,1.86
1996,69.091,70.373,6,6/30/1996,2.03,1.85
1996,69.237,70.505,7,7/31/1996,2.12,1.88
1996,69.303,70.566,8,8/31/1996,1.99,1.73
1996,69.499,70.78,9,9/30/1996,2.21,1.9
1996,69.709,70.948,10,10/31/1996,2.26,1.9
1996,69.833,71.041,11,11/30/1996,2.44,1.96
1996,69.914,71.068,12,12/31/1996,2.36,1.86
1997,70.005,71.144,1,1/31/1997,2.27,1.85
1997,70.151,71.29,2,2/28/1997,2.32,1.93
1997,70.225,71.46,3,3/31/1997,2.12,1.94
1997,70.294,71.6,4,4/30/1997,1.92,2
1997,70.262,71.652,5,5/31/1997,1.69,1.9
1997,70.352,71.758,6,6/30/1997,1.83,1.97
1997,70.394,71.807,7,7/31/1997,1.67,1.85
1997,70.45,71.778,8,8/31/1997,1.66,1.72
1997,70.62,71.927,9,9/30/1997,1.61,1.62
1997,70.712,72.036,10,10/31/1997,1.44,1.53
1997,70.716,72.058,11,11/30/1997,1.26,1.43
1997,70.701,72.1,12,12/31/1997,1.13,1.45
1998,70.736,72.21,1,1/31/1998,1.04,1.5
1998,70.699,72.272,2,2/28/1998,0.78,1.38
1998,70.71,72.349,3,3/31/1998,0.69,1.24
1998,70.798,72.482,4,4/30/1998,0.72,1.23
1998,70.895,72.552,5,5/31/1998,0.9,1.26
1998,70.835,72.461,6,6/30/1998,0.69,0.98
1998,71.01,72.665,7,7/31/1998,0.88,1.19
1998,71.108,72.807,8,8/31/1998,0.93,1.43
1998,71.067,72.795,9,9/30/1998,0.63,1.21
1998,71.223,72.937,10,10/31/1998,0.72,1.25
1998,71.226,72.95,11,11/30/1998,0.72,1.24
1998,71.298,73.076,12,12/31/1998,0.84,1.35
1999,71.398,73.18,1,1/31/1999,0.94,1.34
1999,71.358,73.155,2,2/28/1999,0.93,1.22
1999,71.412,73.177,3,3/31/1999,0.99,1.14
1999,71.757,73.365,4,4/30/1999,1.35,1.22
1999,71.804,73.435,5,5/31/1999,1.28,1.22
1999,71.826,73.474,6,6/30/1999,1.4,1.4
1999,72.017,73.606,7,7/31/1999,1.42,1.29
1999,72.148,73.642,8,8/31/1999,1.46,1.15
1999,72.407,73.837,9,9/30/1999,1.89,1.43
1999,72.529,73.963,10,10/31/1999,1.83,1.41
1999,72.594,74.034,11,11/30/1999,1.92,1.49
1999,72.763,74.128,12,12/31/1999,2.05,1.44
2000,72.961,74.306,1,1/31/2000,2.19,1.54
2000,73.191,74.415,2,2/29/2000,2.57,1.72
2000,73.505,74.568,3,3/31/2000,2.93,1.9
2000,73.444,74.617,4,4/30/2000,2.35,1.71
2000,73.505,74.697,5,5/31/2000,2.37,1.72
2000,73.754,74.754,6,6/30/2000,2.68,1.74
2000,73.939,74.925,7,7/31/2000,2.67,1.79
2000,73.934,75.021,8,8/31/2000,2.48,1.87
2000,74.252,75.203,9,9/30/2000,2.55,1.85
2000,74.353,75.308,10,10/31/2000,2.51,1.82
2000,74.457,75.441,11,11/30/2000,2.57,1.9
2000,74.571,75.515,12,12/31/2000,2.48,1.87
2001,74.932,75.796,1,1/31/2001,2.7,2.01
2001,75.048,75.93,2,2/28/2001,2.54,2.04
2001,75.055,76.009,3,3/31/2001,2.11,1.93
2001,75.187,76.13,4,4/30/2001,2.37,2.03
2001,75.385,76.148,5,5/31/2001,2.56,1.94
2001,75.518,76.318,6,6/30/2001,2.39,2.09
2001,75.493,76.515,7,7/31/2001,2.1,2.12
2001,75.484,76.553,8,8/31/2001,2.1,2.04
2001,75.227,76.118,9,9/30/2001,1.31,1.22
2001,75.492,76.654,10,10/31/2001,1.53,1.79
2001,75.441,76.81,11,11/30/2001,1.32,1.81
2001,75.363,76.828,12,12/31/2001,1.06,1.74
2002,75.431,76.871,1,1/31/2002,0.67,1.42
2002,75.558,77.018,2,2/28/2002,0.68,1.43
2002,75.763,77.11,3,3/31/2002,0.94,1.45
2002,76.08,77.325,4,4/30/2002,1.19,1.57
2002,76.13,77.411,5,5/31/2002,0.99,1.66
2002,76.225,77.534,6,6/30/2002,0.94,1.59
2002,76.393,77.692,7,7/31/2002,1.19,1.54
2002,76.543,77.845,8,8/31/2002,1.4,1.69
2002,76.681,77.972,9,9/30/2002,1.93,2.44
2002,76.821,78.038,10,10/31/2002,1.76,1.81
2002,76.897,78.114,11,11/30/2002,1.93,1.7
2002,76.971,78.187,12,12/31/2002,2.13,1.77
2003,77.201,78.24,1,1/31/2003,2.35,1.78
2003,77.526,78.348,2,2/28/2003,2.6,1.73
2003,77.725,78.474,3,3/31/2003,2.59,1.77
2003,77.593,78.561,4,4/30/2003,1.99,1.6
2003,77.504,78.674,5,5/31/2003,1.8,1.63
2003,77.588,78.718,6,6/30/2003,1.79,1.53
2003,77.816,78.915,7,7/31/2003,1.86,1.57
2003,78.079,79.004,8,8/31/2003,2.01,1.49
2003,78.323,79.114,9,9/30/2003,2.14,1.46
2003,78.333,79.26,10,10/31/2003,1.97,1.57
2003,78.432,79.368,11,11/30/2003,2,1.61
2003,78.605,79.467,12,12/31/2003,2.12,1.64
2004,78.909,79.671,1,1/31/2004,2.21,1.83
2004,79.077,79.8,2,2/29/2004,2,1.85
2004,79.199,79.934,3,3/31/2004,1.9,1.86
2004,79.346,80.142,4,4/30/2004,2.26,2.01
2004,79.604,80.252,5,5/31/2004,2.71,2.01
2004,79.831,80.379,6,6/30/2004,2.89,2.11
2004,79.905,80.474,7,7/31/2004,2.68,1.98
2004,79.946,80.505,8,8/31/2004,2.39,1.9
2004,80.104,80.656,9,9/30/2004,2.27,1.95
2004,80.448,80.831,10,10/31/2004,2.7,1.98
2004,80.758,81.005,11,11/30/2004,2.97,2.06
2004,80.801,81.109,12,12/31/2004,2.79,2.07
2005,80.907,81.401,1,1/31/2005,2.53,2.17
2005,81.132,81.536,2,2/28/2005,2.6,2.18
2005,81.375,81.737,3,3/31/2005,2.75,2.26
2005,81.603,81.831,4,4/30/2005,2.84,2.11
2005,81.649,81.999,5,5/31/2005,2.57,2.18
2005,81.7,82.056,6,6/30/2005,2.34,2.09
2005,82.046,82.176,7,7/31/2005,2.68,2.11
2005,82.377,82.243,8,8/31/2005,3.04,2.16
2005,83.172,82.425,9,9/30/2005,3.83,2.19
2005,83.305,82.662,10,10/31/2005,3.55,2.27
2005,83.131,82.873,11,11/30/2005,2.94,2.31
2005,83.131,82.959,12,12/31/2005,2.88,2.28
2006,83.534,83.145,1,1/31/2006,3.25,2.14
2006,83.584,83.279,2,2/28/2006,3.02,2.14
2006,83.746,83.509,3,3/31/2006,2.91,2.17
2006,84.135,83.764,4,4/30/2006,3.1,2.36
2006,84.361,83.974,5,5/31/2006,3.32,2.41
2006,84.569,84.186,6,6/30/2006,3.51,2.6
2006,84.858,84.268,7,7/31/2006,3.43,2.55
2006,85.125,84.44,8,8/31/2006,3.34,2.67
2006,84.902,84.573,9,9/30/2006,2.08,2.61
2006,84.702,84.726,10,10/31/2006,1.68,2.5
2006,84.731,84.766,11,11/30/2006,1.92,2.28
2006,85.032,84.88,12,12/31/2006,2.29,2.32
2007,85.316,85.224,1,1/31/2007,2.13,2.5
2007,85.581,85.408,2,2/28/2007,2.39,2.56
2007,85.894,85.494,3,3/31/2007,2.56,2.38
2007,86.096,85.616,4,4/30/2007,2.33,2.21
2007,86.346,85.717,5,5/31/2007,2.35,2.08
2007,86.529,85.859,6,6/30/2007,2.32,1.99
2007,86.661,85.988,7,7/31/2007,2.12,2.04
2007,86.72,86.116,8,8/31/2007,1.87,1.98
2007,87.054,86.351,9,9/30/2007,2.53,2.1
2007,87.318,86.576,10,10/31/2007,3.09,2.18
2007,87.781,86.746,11,11/30/2007,3.6,2.34
2007,87.984,86.92,12,12/31/2007,3.47,2.4
2008,88.206,87.093,1,1/31/2008,3.39,2.19
2008,88.382,87.178,2,2/29/2008,3.27,2.07
2008,88.635,87.349,3,3/31/2008,3.19,2.17
2008,88.799,87.4,4,4/30/2008,3.14,2.08
2008,89.18,87.559,5,5/31/2008,3.28,2.15
2008,89.827,87.76,6,6/30/2008,3.81,2.21
2008,90.245,87.918,7,7/31/2008,4.14,2.24
2008,90.172,88.026,8,8/31/2008,3.98,2.22
2008,90.247,88.116,9,9/30/2008,3.67,2.04
2008,89.651,87.991,10,10/31/2008,2.67,1.63
2008,88.593,87.952,11,11/30/2008,0.93,1.39
2008,88.098,87.909,12,12/31/2008,0.13,1.14
2009,88.108,87.882,1,1/31/2009,-0.11,0.91
2009,88.266,87.952,2,2/28/2009,-0.13,0.89
2009,88.169,88.015,3,3/31/2009,-0.53,0.76
2009,88.295,88.211,4,4/30/2009,-0.57,0.93
2009,88.387,88.279,5,5/31/2009,-0.89,0.82
2009,88.912,88.392,6,6/30/2009,-1.02,0.72
2009,88.922,88.468,7,7/31/2009,-1.47,0.63
2009,89.18,88.599,8,8/31/2009,-1.1,0.65
2009,89.324,88.755,9,9/30/2009,-1.02,0.73
2009,89.663,89.082,10,10/31/2009,0.01,1.24
2009,89.887,89.16,11,11/30/2009,1.46,1.37
2009,89.939,89.236,12,12/31/2009,2.09,1.51
2010,90.136,89.368,1,1/31/2010,2.3,1.69
2010,90.134,89.446,2,2/28/2010,2.12,1.7
2010,90.261,89.579,3,3/31/2010,2.37,1.78
2010,90.31,89.625,4,4/30/2010,2.28,1.6
2010,90.339,89.724,5,5/31/2010,2.21,1.64
2010,90.301,89.767,6,6/30/2010,1.56,1.56
2010,90.378,89.769,7,7/31/2010,1.64,1.47
2010,90.502,89.855,8,8/31/2010,1.48,1.42
2010,90.592,89.906,9,9/30/2010,1.42,1.3
2010,90.881,90.043,10,10/31/2010,1.36,1.08
2010,91.062,90.16,11,11/30/2010,1.31,1.12
2010,91.268,90.179,12,12/31/2010,1.48,1.06
2011,91.542,90.372,1,1/31/2011,1.56,1.12
2011,91.797,90.53,2,2/28/2011,1.85,1.21
2011,92.166,90.667,3,3/31/2011,2.11,1.21
2011,92.557,90.875,4,4/30/2011,2.49,1.39
2011,92.838,91.091,5,5/31/2011,2.77,1.52
2011,92.819,91.191,6,6/30/2011,2.79,1.59
2011,92.977,91.326,7,7/31/2011,2.88,1.73
2011,93.196,91.508,8,8/31/2011,2.98,1.84
2011,93.327,91.57,9,9/30/2011,3.02,1.85
2011,93.329,91.614,10,10/31/2011,2.69,1.74
2011,93.52,91.808,11,11/30/2011,2.7,1.83
2011,93.574,91.96,12,12/31/2011,2.53,1.97
2012,93.894,92.235,1,1/31/2012,2.57,2.06
2012,94.104,92.364,2,2/29/2012,2.51,2.03
2012,94.284,92.521,3,3/31/2012,2.3,2.04
2012,94.408,92.661,4,4/30/2012,2,1.97
2012,94.302,92.755,5,5/31/2012,1.58,1.83
2012,94.254,92.85,6,6/30/2012,1.55,1.82
2012,94.288,92.946,7,7/31/2012,1.41,1.77
2012,94.605,93.005,8,8/31/2012,1.51,1.64
2012,94.893,93.119,9,9/30/2012,1.68,1.69
2012,95.174,93.345,10,10/31/2012,1.98,1.89
2012,95.109,93.445,11,11/30/2012,1.7,1.78
2012,95.094,93.514,12,12/31/2012,1.62,1.69
2013,95.275,93.703,1,1/31/2013,1.47,1.59
2013,95.614,93.805,2,2/28/2013,1.6,1.56
2013,95.488,93.891,3,3/31/2013,1.28,1.48
2013,95.391,93.937,4,4/30/2013,1.04,1.38
2013,95.461,94.047,5,5/31/2013,1.23,1.39
2013,95.673,94.209,6,6/30/2013,1.51,1.46
2013,95.792,94.329,7,7/31/2013,1.6,1.49
2013,95.934,94.431,8,8/31/2013,1.4,1.53
2013,95.976,94.543,9,9/30/2013,1.14,1.53
2013,96.103,94.703,10,10/31/2013,0.98,1.45
2013,96.246,94.86,11,11/30/2013,1.2,1.51
2013,96.414,94.961,12,12/31/2013,1.39,1.55
2014,96.614,95.064,1,1/31/2014,1.41,1.45
2014,96.66,95.109,2,2/28/2014,1.09,1.39
2014,96.815,95.25,3,3/31/2014,1.39,1.45
2014,96.987,95.413,4,4/30/2014,1.67,1.57
2014,97.147,95.574,5,5/31/2014,1.77,1.62
2014,97.253,95.682,6,6/30/2014,1.65,1.56
2014,97.391,95.848,7,7/31/2014,1.67,1.61
2014,97.379,95.885,8,8/31/2014,1.51,1.54
2014,97.413,96.013,9,9/30/2014,1.5,1.55
2014,97.384,96.096,10,10/31/2014,1.33,1.47
2014,97.291,96.181,11,11/30/2014,1.09,1.39
2014,97.12,96.249,12,12/31/2014,0.73,1.36
2015,96.654,96.214,1,1/31/2015,0.04,1.21
2015,96.825,96.324,2,2/28/2015,0.17,1.28
2015,97.008,96.47,3,3/31/2015,0.2,1.28
2015,97.094,96.648,4,4/30/2015,0.11,1.29
2015,97.327,96.766,5,5/31/2015,0.19,1.25
2015,97.516,96.882,6,6/30/2015,0.27,1.25
2015,97.605,96.978,7,7/31/2015,0.22,1.18
2015,97.612,97.056,8,8/31/2015,0.24,1.22
2015,97.477,97.196,9,9/30/2015,0.07,1.23
2015,97.477,97.228,10,10/31/2015,0.1,1.18
2015,97.538,97.332,11,11/30/2015,0.25,1.2
2015,97.456,97.396,12,12/31/2015,0.35,1.19
2016,97.496,97.567,1,1/31/2016,0.87,1.41
2016,97.445,97.736,2,2/29/2016,0.64,1.47
2016,97.673,97.876,3,3/31/2016,0.69,1.46
2016,97.993,98.117,4,4/30/2016,0.93,1.52
2016,98.153,98.284,5,5/31/2016,0.85,1.57
2016,98.325,98.386,6,6/30/2016,0.83,1.55
2016,98.342,98.529,7,7/31/2016,0.76,1.6
2016,98.479,98.703,8,8/31/2016,0.89,1.7
2016,98.666,98.834,9,9/30/2016,1.22,1.69
2016,98.868,98.961,10,10/31/2016,1.43,1.78
2016,98.901,99.005,11,11/30/2016,1.4,1.72
2016,99.071,99.12,12,12/31/2016,1.66,1.77
2017,99.451,99.385,1,1/31/2017,2.01,1.86
2017,99.586,99.561,2,2/28/2017,2.2,1.87
2017,99.535,99.519,3,3/31/2017,1.91,1.68
2017,99.725,99.723,4,4/30/2017,1.77,1.64
2017,99.682,99.803,5,5/31/2017,1.56,1.55
2017,99.766,99.937,6,6/30/2017,1.47,1.58
2017,99.803,100.01,7,7/31/2017,1.49,1.5
2017,100.027,100.118,8,8/31/2017,1.57,1.43
2017,100.4,100.24,9,9/30/2017,1.76,1.42
2017,100.531,100.486,10,10/31/2017,1.68,1.54
2017,100.675,100.535,11,11/30/2017,1.79,1.55
2017,100.821,100.683,12,12/31/2017,1.77,1.58
2018,101.199,101.007,1,1/31/2018,1.76,1.63
2018,101.416,101.198,2,2/28/2018,1.84,1.64
2018,101.524,101.419,3,3/31/2018,2,1.91
2018,101.766,101.602,4,4/30/2018,2.05,1.88
2018,101.941,101.78,5,5/31/2018,2.27,1.98
2018,102.029,101.872,6,6/30/2018,2.27,1.94
2018,102.137,102.006,7,7/31/2018,2.34,2
2018,102.208,102.016,8,8/31/2018,2.18,1.9
2018,102.418,102.205,9,9/30/2018,2.01,1.96
2018,102.595,102.366,10,10/31/2018,2.05,1.87
2018,102.63,102.556,11,11/30/2018,1.94,2.01
2018,102.701,102.735,12,12/31/2018,1.86,2.04
2019,102.648,102.87,1,1/31/2019,1.43,1.84
2019,102.836,102.963,2,2/28/2019,1.4,1.74
2019,103.069,103.058,3,3/31/2019,1.52,1.62
2019,103.36,103.265,4,4/30/2019,1.57,1.64
2019,103.435,103.371,5,5/31/2019,1.47,1.56
2019,103.484,103.56,6,6/30/2019,1.43,1.66
2019,103.622,103.678,7,7/31/2019,1.45,1.64
2019,103.67,103.797,8,8/31/2019,1.43,1.75
2019,103.733,103.873,9,9/30/2019,1.28,1.63
2019,103.917,104.028,10,10/31/2019,1.29,1.62
2019,104.024,104.092,11,11/30/2019,1.36,1.5
2019,104.307,104.322,12,12/31/2019,1.56,1.54
2020,104.419,104.488,1,1/31/2020,1.73,1.57
2020,104.541,104.684,2,2/29/2020,1.66,1.67
2020,104.252,104.596,3,3/31/2020,1.15,1.49
2020,103.817,104.256,4,4/30/2020,0.44,0.96
2020,103.914,104.37,5,5/31/2020,0.46,0.97
2020,104.233,104.531,6,6/30/2020,0.72,0.94
2020,104.564,104.9,7,7/31/2020,0.91,1.18
2020,104.887,105.235,8,8/31/2020,1.17,1.39
2020,105.046,105.395,9,9/30/2020,1.27,1.47
2020,105.106,105.47,10,10/31/2020,1.14,1.39
2020,105.225,105.578,11,11/30/2020,1.15,1.43
2020,105.69,105.904,12,12/31/2020,1.33,1.52
2021,106.083,106.244,1,1/31/2021,1.59,1.68
2021,106.471,106.477,2,2/28/2021,1.85,1.71
2021,107.032,106.898,3,3/31/2021,2.67,2.2
2021,107.632,107.549,4,4/30/2021,3.67,3.16
2021,108.184,108.103,5,5/31/2021,4.11,3.58
2021,108.748,108.595,6,6/30/2021,4.33,3.89
2021,109.275,109.062,7,7/31/2021,4.51,3.97
2021,109.72,109.436,8,8/31/2021,4.61,3.99
2021,110.047,109.657,9,9/30/2021,4.76,4.04
2021,110.741,110.184,10,10/31/2021,5.36,4.47
2021,111.51,110.792,11,11/30/2021,5.97,4.94
2021,112.221,111.458,12,12/31/2021,6.18,5.24
2022,112.776,111.988,1,1/31/2022,6.31,5.41
2022,113.489,112.492,2,2/28/2022,6.59,5.65
2022,114.489,112.916,3,3/31/2022,6.97,5.63
2022,114.845,113.301,4,4/30/2022,6.7,5.35
2022,115.542,113.709,5,5/31/2022,6.8,5.19
2022,116.631,114.376,6,6/30/2022,7.25,5.32
2022,116.662,114.638,7,7/31/2022,6.76,5.11
2022,117.002,115.298,8,8/31/2022,6.64,5.36
2022,117.377,115.805,9,9/30/2022,6.66,5.61
2022,117.891,116.2,10,10/31/2022,6.46,5.46
2022,118.221,116.554,11,11/30/2022,6.02,5.2
2022,118.403,116.977,12,12/31/2022,5.51,4.95
2023,119.007,117.526,1,1/31/2023,5.53,4.95
2023,119.401,117.963,2,2/28/2023,5.21,4.86
2023,119.553,118.304,3,3/31/2023,4.42,4.77
2023,119.97,118.715,4,4/30/2023,4.46,4.78
2023,120.14,119.063,5,5/31/2023,3.98,4.71
2023,120.435,119.37,6,6/30/2023,3.26,4.37
2023,120.598,119.536,7,7/31/2023,3.37,4.27
2023,120.965,119.658,8,8/31/2023,3.39,3.78
2023,121.387,120.04,9,9/30/2023,3.42,3.66
2023,121.421,120.2,10,10/31/2023,2.99,3.44
2023,121.415,120.309,11,11/30/2023,2.7,3.22
2023,121.602,120.528,12,12/31/2023,2.7,3.04
2024,122.115,121.128,1,1/31/2024,2.61,3.06
2024,122.494,121.418,2,2/29/2024,2.59,2.93
2024,122.912,121.829,3,3/31/2024,2.81,2.98
2024,123.234,122.14,4,4/30/2024,2.72,2.89
2024,123.224,122.239,5,5/31/2024,2.57,2.67
2024,123.369,122.51,6,6/30/2024,2.44,2.63
2024,123.575,122.722,7,7/31/2024,2.47,2.67
2024,123.727,122.926,8,8/31/2024,2.28,2.73
2024,123.939,123.234,9,9/30/2024,2.1,2.66
2024,124.265,123.595,10,10/31/2024,2.34,2.82
2024,124.399,123.716,11,11/30/2024,2.46,2.83
2024,124.769,123.98,12,12/31/2024,2.6,2.86
2025,125.231,124.398,1,1/31/2025,2.55,2.7
2025,125.788,125.017,2,2/28/2025,2.69,2.96
2025,125.732,125.052,3,3/31/2025,2.29,2.65
